rank,candidate_id,filter_set,sensitivity,atr_period,max_bars_held,risk_profile,stop_loss_percent,take_profit_percent,symbols_tested,symbols_passed,median_test_return_percent,mean_test_return_percent,worst_test_return_percent,median_drawdown_percent,worst_drawdown_percent,median_profit_factor,median_trade_count,consistency_percent,score,status
1,MM-0013,Original,0.8,14,10,Balanced,3.0,8.0,9,8,2.7514,2.8802,-1.3495,1.7784,4.8355,1.5328,42.0,88.89,36.5173,MULTI_MARKET_FINALIST
2,MM-0007,Original,0.8,10,10,Balanced,3.0,8.0,9,8,2.8088,2.6085,-1.2062,1.7045,4.8355,1.4438,42.0,88.89,35.7882,MULTI_MARKET_FINALIST
3,MM-0015,Original,0.8,14,20,Balanced,3.0,8.0,9,8,2.4987,2.8901,-2.1608,1.9879,4.8355,1.5316,42.0,88.89,34.8416,MULTI_MARKET_FINALIST
4,MM-0017,Original,0.8,14,30,Balanced,3.0,8.0,9,8,2.4987,2.8396,-2.1608,1.9879,4.8355,1.5316,42.0,88.89,34.7659,MULTI_MARKET_FINALIST
5,MM-0121,RSI,0.8,14,10,Balanced,3.0,8.0,9,7,1.997,2.4905,-0.9487,1.4807,3.19,1.6423,28.0,77.78,33.8931,MULTI_MARKET_FINALIST
6,MM-0009,Original,0.8,10,20,Balanced,3.0,8.0,9,8,2.5253,2.635,-2.0547,2.2955,4.8355,1.4597,42.0,88.89,33.5818,MULTI_MARKET_FINALIST
7,MM-0011,Original,0.8,10,30,Balanced,3.0,8.0,9,8,2.5253,2.5845,-2.0547,2.2955,4.8355,1.4597,42.0,88.89,33.506,MULTI_MARKET_FINALIST
8,MM-0001,Original,0.8,7,10,Balanced,3.0,8.0,9,7,2.5407,2.4279,-1.2727,1.8614,4.8355,1.5105,43.0,77.78,32.7391,MULTI_MARKET_FINALIST
9,MM-0115,RSI,0.8,10,10,Balanced,3.0,8.0,9,7,2.0539,2.1204,-0.6805,1.4523,3.2227,1.5076,27.0,77.78,32.6585,MULTI_MARKET_FINALIST
10,MM-0499,EMA200+RSI,0.8,14,10,Balanced,3.0,8.0,9,7,1.6216,2.2238,-0.4241,1.2623,3.19,1.496,26.0,77.78,31.9175,MULTI_MARKET_FINALIST
11,MM-0003,Original,0.8,7,20,Balanced,3.0,8.0,9,7,2.5672,2.1382,-1.8956,2.1027,4.8355,1.4345,43.0,77.78,30.947,MULTI_MARKET_FINALIST
12,MM-0005,Original,0.8,7,30,Balanced,3.0,8.0,9,7,2.5672,2.1078,-1.8956,2.1027,4.8355,1.4345,43.0,77.78,30.9013,MULTI_MARKET_FINALIST
13,MM-0016,Original,0.8,14,20,Trend,4.0,10.0,9,7,2.7214,2.5989,-2.1608,2.4013,6.5048,1.4247,42.0,77.78,30.5408,MULTI_MARKET_FINALIST
14,MM-0018,Original,0.8,14,30,Trend,4.0,10.0,9,7,2.7214,2.5697,-2.1608,2.4013,6.5048,1.4247,42.0,77.78,30.497,MULTI_MARKET_FINALIST
15,MM-0014,Original,0.8,14,10,Trend,4.0,10.0,9,7,2.3669,2.3359,-1.4591,1.7784,6.5048,1.4019,42.0,77.78,30.361,MULTI_MARKET_FINALIST
16,MM-0122,RSI,0.8,14,10,Trend,4.0,10.0,9,7,1.6451,2.3873,-1.7021,1.5043,4.2156,1.481,28.0,77.78,30.279,MULTI_MARKET_FINALIST
17,MM-0010,Original,0.8,10,20,Trend,4.0,10.0,9,7,2.7481,2.2875,-2.0547,2.2955,6.5048,1.4,42.0,77.78,30.1945,MULTI_MARKET_FINALIST
18,MM-0031,Original,1.0,14,10,Balanced,3.0,8.0,9,7,2.6161,1.7228,-1.7747,2.1557,4.4904,1.3722,35.0,77.78,30.1559,MULTI_MARKET_FINALIST
19,MM-0012,Original,0.8,10,30,Trend,4.0,10.0,9,7,2.7481,2.2581,-2.0547,2.2955,6.5048,1.4,42.0,77.78,30.1504,MULTI_MARKET_FINALIST
20,MM-0109,RSI,0.8,7,10,Balanced,3.0,8.0,9,6,1.8891,2.1866,-1.2127,1.4523,3.2227,1.5398,28.0,66.67,29.8996,MULTI_MARKET_FINALIST
21,MM-0025,Original,1.0,10,10,Balanced,3.0,8.0,9,7,1.911,1.605,-1.7747,2.098,4.4904,1.4508,35.0,77.78,28.5792,MULTI_MARKET_FINALIST
22,MM-0493,EMA200+RSI,0.8,10,10,Balanced,3.0,8.0,9,6,1.734,1.8555,-1.0205,1.4523,3.2227,1.4552,26.0,66.67,28.405,MULTI_MARKET_FINALIST
23,MM-0049,Original,1.2,14,10,Balanced,3.0,8.0,9,7,1.3019,1.9216,-0.8852,1.809,3.2653,1.3628,29.0,77.78,28.2361,MULTI_MARKET_FINALIST
24,MM-0285,RelativeVolume,0.8,14,20,Balanced,3.0,8.0,9,4,2.9988,1.6381,-3.6586,1.5496,4.562,1.8586,21.0,44.44,27.8618,MULTI_MARKET_FINALIST
25,MM-0287,RelativeVolume,0.8,14,30,Balanced,3.0,8.0,9,4,2.9988,1.6183,-3.6586,1.5496,4.562,1.8586,21.0,44.44,27.8321,MULTI_MARKET_FINALIST
26,MM-0117,RSI,0.8,10,20,Balanced,3.0,8.0,9,6,1.268,1.9835,-1.0139,1.5691,3.2227,1.5364,27.0,66.67,27.6784,MULTI_MARKET_FINALIST
27,MM-0123,RSI,0.8,14,20,Balanced,3.0,8.0,9,6,1.2417,2.3281,-1.2431,1.849,3.19,1.5423,28.0,66.67,27.5881,MULTI_MARKET_FINALIST
28,MM-0119,RSI,0.8,10,30,Balanced,3.0,8.0,9,6,1.268,1.9339,-1.1872,1.5691,3.2227,1.5364,27.0,66.67,27.474,MULTI_MARKET_FINALIST
29,MM-0008,Original,0.8,10,10,Trend,4.0,10.0,9,6,2.424,1.9914,-1.698,1.7045,6.5048,1.3693,42.0,66.67,27.4642,MULTI_MARKET_FINALIST
30,MM-0048,Original,1.2,10,30,Trend,4.0,10.0,9,7,1.4681,2.212,-1.5535,2.3524,4.2193,1.3621,29.0,77.78,27.3712,MULTI_MARKET_FINALIST
31,MM-0116,RSI,0.8,10,10,Trend,4.0,10.0,9,6,1.9791,1.9269,-1.9404,1.2902,4.1953,1.3324,27.0,66.67,27.3319,MULTI_MARKET_FINALIST
32,MM-0125,RSI,0.8,14,30,Balanced,3.0,8.0,9,6,1.2417,2.2786,-1.2431,1.849,3.19,1.4911,28.0,66.67,27.1042,MULTI_MARKET_FINALIST
33,MM-0046,Original,1.2,10,20,Trend,4.0,10.0,9,6,1.7915,2.3297,-1.5535,2.3524,3.5347,1.3774,29.0,66.67,26.7604,MULTI_MARKET_FINALIST
34,MM-0050,Original,1.2,14,10,Trend,4.0,10.0,9,6,1.3246,2.3757,-0.8852,1.9274,3.2806,1.3716,29.0,66.67,26.6482,MULTI_MARKET_FINALIST
35,MM-0067,EMA200,0.8,14,10,Balanced,3.0,8.0,9,6,1.7719,1.7859,-1.0829,1.7784,4.7468,1.3891,33.0,66.67,26.5874,MULTI_MARKET_FINALIST
36,MM-0283,RelativeVolume,0.8,14,10,Balanced,3.0,8.0,9,5,2.0043,1.5911,-3.6586,1.2145,4.562,1.7306,21.0,55.56,26.5088,MULTI_MARKET_FINALIST
37,MM-0052,Original,1.2,14,20,Trend,4.0,10.0,9,7,1.3772,2.3478,-2.2331,2.4808,2.999,1.2627,29.0,77.78,26.415,MULTI_MARKET_FINALIST
38,MM-0111,RSI,0.8,7,20,Balanced,3.0,8.0,9,6,1.4103,1.7567,-1.6585,1.6274,3.2227,1.4315,28.0,66.67,26.3549,MULTI_MARKET_FINALIST
39,MM-0045,Original,1.2,10,20,Balanced,3.0,8.0,9,7,1.2192,1.6897,-1.5535,2.0754,3.7628,1.3409,29.0,77.78,26.3152,MULTI_MARKET_FINALIST
40,MM-0501,EMA200+RSI,0.8,14,20,Balanced,3.0,8.0,9,6,1.2417,2.0163,-0.9498,1.849,3.19,1.4036,26.0,66.67,26.2308,MULTI_MARKET_FINALIST
41,MM-0500,EMA200+RSI,0.8,14,10,Trend,4.0,10.0,9,6,1.15,2.1721,-0.6012,1.4925,3.7721,1.3408,26.0,66.67,26.1923,MULTI_MARKET_FINALIST
42,MM-0503,EMA200+RSI,0.8,14,30,Balanced,3.0,8.0,9,6,1.2417,1.9668,-0.961,1.849,3.19,1.4036,26.0,66.67,26.1482,MULTI_MARKET_FINALIST
43,MM-0047,Original,1.2,10,30,Balanced,3.0,8.0,9,7,1.163,1.7682,-1.5535,2.0754,3.7628,1.3258,29.0,77.78,26.1436,MULTI_MARKET_FINALIST
44,MM-0113,RSI,0.8,7,30,Balanced,3.0,8.0,9,6,1.4103,1.7267,-1.9279,1.6274,3.2227,1.4315,28.0,66.67,26.1079,MULTI_MARKET_FINALIST
45,MM-0002,Original,0.8,7,10,Trend,4.0,10.0,9,6,2.2319,1.9198,-2.0351,2.0093,6.5048,1.365,43.0,66.67,26.0361,MULTI_MARKET_FINALIST
46,MM-0019,Original,1.0,7,10,Balanced,3.0,8.0,9,7,1.3365,1.7459,-1.5785,2.2779,4.2634,1.3194,34.0,77.78,26.0066,MULTI_MARKET_FINALIST
47,MM-0035,Original,1.0,14,30,Balanced,3.0,8.0,9,7,1.7946,1.6318,-2.6677,2.4698,4.4904,1.3052,35.0,77.78,25.878,MULTI_MARKET_FINALIST
48,MM-0026,Original,1.0,10,10,Trend,4.0,10.0,9,6,1.859,1.6838,-1.8433,2.2528,5.7304,1.4972,35.0,66.67,25.7868,MULTI_MARKET_FINALIST
49,MM-0033,Original,1.0,14,20,Balanced,3.0,8.0,9,7,1.7946,1.6052,-2.6677,2.4698,4.4904,1.2752,35.0,77.78,25.5981,MULTI_MARKET_FINALIST
50,MM-0004,Original,0.8,7,20,Trend,4.0,10.0,9,6,2.4232,1.8179,-2.0351,2.3309,6.5048,1.2928,43.0,66.67,25.3971,MULTI_MARKET_FINALIST
51,MM-0043,Original,1.2,10,10,Balanced,3.0,8.0,9,6,1.1333,1.8989,-0.2666,1.8285,3.7628,1.3043,29.0,66.67,25.1919,MULTI_MARKET_FINALIST
52,MM-0118,RSI,0.8,10,20,Trend,4.0,10.0,9,6,1.1938,1.9696,-1.9404,1.5691,4.1953,1.4033,27.0,66.67,25.189,MULTI_MARKET_FINALIST
53,MM-0120,RSI,0.8,10,30,Trend,4.0,10.0,9,6,1.1938,1.9414,-1.9404,1.5691,4.1953,1.4033,27.0,66.67,25.1467,MULTI_MARKET_FINALIST
54,MM-0277,RelativeVolume,0.8,10,10,Balanced,3.0,8.0,9,4,2.0043,1.6569,-2.4402,1.4523,4.4815,1.7191,21.0,44.44,24.8906,MULTI_MARKET_FINALIST
55,MM-0053,Original,1.2,14,30,Balanced,3.0,8.0,9,7,1.2247,1.6382,-2.2331,2.3126,3.3742,1.2024,29.0,77.78,24.4753,MULTI_MARKET_FINALIST
56,MM-0051,Original,1.2,14,20,Balanced,3.0,8.0,9,7,1.1762,1.632,-2.2331,2.3126,3.3742,1.2064,29.0,77.78,24.3526,MULTI_MARKET_FINALIST
57,MM-0032,Original,1.0,14,10,Trend,4.0,10.0,9,6,1.5965,1.5393,-1.7747,2.2684,5.7304,1.4346,35.0,66.67,24.3097,MULTI_MARKET_FINALIST
58,MM-0110,RSI,0.8,7,10,Trend,4.0,10.0,9,5,1.8891,1.9916,-2.2766,1.4246,4.1953,1.2956,28.0,55.56,24.1887,MULTI_MARKET_FINALIST
59,MM-0487,EMA200+RSI,0.8,7,10,Balanced,3.0,8.0,9,5,1.3654,1.8117,-1.5164,1.4523,3.2227,1.3299,26.0,55.56,23.637,MULTI_MARKET_FINALIST
60,MM-0495,EMA200+RSI,0.8,10,20,Balanced,3.0,8.0,9,5,1.268,1.6748,-1.5429,1.4523,3.2227,1.3718,26.0,55.56,23.4547,MULTI_MARKET_FINALIST
61,MM-0044,Original,1.2,10,10,Trend,4.0,10.0,9,5,1.1062,2.3748,-0.6262,1.9274,3.4014,1.3126,29.0,55.56,23.4312,MULTI_MARKET_FINALIST
62,MM-0028,Original,1.0,10,20,Trend,4.0,10.0,9,6,1.6614,1.7419,-2.6677,2.6001,5.2526,1.376,35.0,66.67,23.4111,MULTI_MARKET_FINALIST
63,MM-0497,EMA200+RSI,0.8,10,30,Balanced,3.0,8.0,9,5,1.268,1.6252,-1.5429,1.4523,3.2227,1.3718,26.0,55.56,23.3803,MULTI_MARKET_FINALIST
64,MM-0006,Original,0.8,7,30,Trend,4.0,10.0,9,5,2.4232,1.7874,-2.0351,2.3309,6.5048,1.2928,43.0,55.56,23.1291,MULTI_MARKET_FINALIST
65,MM-0124,RSI,0.8,14,20,Trend,4.0,10.0,9,5,1.1674,2.3906,-1.7021,1.849,4.2156,1.3851,28.0,55.56,23.1221,MULTI_MARKET_FINALIST
66,MM-0027,Original,1.0,10,20,Balanced,3.0,8.0,9,6,1.6226,1.4153,-2.6677,2.4878,4.4904,1.2823,35.0,66.67,22.6048,MULTI_MARKET_FINALIST
67,MM-0029,Original,1.0,10,30,Balanced,3.0,8.0,9,6,1.5662,1.3652,-2.6677,2.4878,4.4904,1.3123,35.0,66.67,22.6004,MULTI_MARKET_FINALIST
68,MM-0126,RSI,0.8,14,30,Trend,4.0,10.0,9,5,1.1321,2.3626,-1.7021,1.849,4.2156,1.3361,28.0,55.56,22.5822,MULTI_MARKET_FINALIST
69,MM-0073,EMA200,1.0,7,10,Balanced,3.0,8.0,9,6,0.8968,1.3504,-1.3942,1.4523,4.3621,1.2311,27.0,66.67,22.493,MULTI_MARKET_FINALIST
70,MM-0054,Original,1.2,14,30,Trend,4.0,10.0,9,6,1.068,2.1166,-2.2331,2.4808,3.6875,1.1935,29.0,66.67,22.0204,MULTI_MARKET_FINALIST
71,MM-0079,EMA200,1.0,10,10,Balanced,3.0,8.0,9,6,0.8565,1.1814,-1.5503,1.4523,4.5889,1.2311,27.0,66.67,21.8881,MULTI_MARKET_FINALIST
72,MM-0022,Original,1.0,7,20,Trend,4.0,10.0,9,6,1.4896,1.7422,-2.5704,2.8918,5.769,1.3244,34.0,66.67,21.8607,MULTI_MARKET_FINALIST
73,MM-0020,Original,1.0,7,10,Trend,4.0,10.0,9,6,1.1323,1.7961,-1.8835,2.2779,5.769,1.2608,34.0,66.67,21.7969,MULTI_MARKET_FINALIST
74,MM-0021,Original,1.0,7,20,Balanced,3.0,8.0,9,6,1.3021,1.5552,-2.5704,2.7098,4.2634,1.2882,34.0,66.67,21.7539,MULTI_MARKET_FINALIST
75,MM-0112,RSI,0.8,7,20,Trend,4.0,10.0,9,5,1.4103,1.6947,-2.2766,1.6274,4.1953,1.2184,28.0,55.56,21.3851,MULTI_MARKET_FINALIST
76,MM-0114,RSI,0.8,7,30,Trend,4.0,10.0,9,5,1.4103,1.6648,-2.2766,1.6274,4.1953,1.2184,28.0,55.56,21.3403,MULTI_MARKET_FINALIST
77,MM-0024,Original,1.0,7,30,Trend,4.0,10.0,9,6,1.3886,1.5624,-2.5704,2.8918,5.769,1.3122,34.0,66.67,21.1904,MULTI_MARKET_FINALIST
78,MM-0127,RSI,1.0,7,10,Balanced,3.0,8.0,9,6,0.5409,1.1363,-1.4957,1.4523,3.5731,1.1991,24.0,66.67,21.1665,MULTI_MARKET_FINALIST
79,MM-0085,EMA200,1.0,14,10,Balanced,3.0,8.0,9,6,0.7012,1.1134,-1.2702,1.5496,4.5889,1.1967,26.0,66.67,21.1091,MULTI_MARKET_FINALIST
80,MM-0489,EMA200+RSI,0.8,7,20,Balanced,3.0,8.0,9,5,1.0394,1.4419,-2.0362,1.4523,3.2227,1.2536,26.0,55.56,21.1039,MULTI_MARKET_FINALIST
81,MM-0491,EMA200+RSI,0.8,7,30,Balanced,3.0,8.0,9,5,1.0394,1.4119,-2.0362,1.4523,3.2227,1.2536,26.0,55.56,21.059,MULTI_MARKET_FINALIST
82,MM-0494,EMA200+RSI,0.8,10,10,Trend,4.0,10.0,9,5,0.7965,1.714,-1.3453,1.2902,3.81,1.2187,26.0,55.56,20.9719,MULTI_MARKET_FINALIST
83,MM-0133,RSI,1.0,10,10,Balanced,3.0,8.0,9,6,0.5409,0.9824,-1.4957,1.4523,3.5731,1.1991,24.0,66.67,20.9357,MULTI_MARKET_FINALIST
84,MM-0023,Original,1.0,7,30,Balanced,3.0,8.0,9,6,1.0246,1.505,-2.5704,2.7098,4.2634,1.2574,34.0,66.67,20.5997,MULTI_MARKET_FINALIST
85,MM-0069,EMA200,0.8,14,20,Balanced,3.0,8.0,9,5,1.1639,1.655,-1.7806,1.9879,4.7468,1.2722,33.0,55.56,20.5721,MULTI_MARKET_FINALIST
86,MM-0034,Original,1.0,14,20,Trend,4.0,10.0,9,6,1.1815,1.6533,-2.6677,2.5821,5.2526,1.2129,35.0,66.67,20.5608,MULTI_MARKET_FINALIST
87,MM-0061,EMA200,0.8,10,10,Balanced,3.0,8.0,9,5,1.1298,1.5208,-1.2271,1.745,5.0194,1.2242,32.0,55.56,20.5277,MULTI_MARKET_FINALIST
88,MM-0071,EMA200,0.8,14,30,Balanced,3.0,8.0,9,5,1.1639,1.6053,-1.7806,1.9879,4.7468,1.2722,33.0,55.56,20.4977,MULTI_MARKET_FINALIST
89,MM-0505,EMA200+RSI,1.0,7,10,Balanced,3.0,8.0,9,5,0.7724,1.2875,-1.3516,1.4476,2.8561,1.1991,21.0,55.56,20.3392,MULTI_MARKET_FINALIST
90,MM-0139,RSI,1.0,14,10,Balanced,3.0,8.0,9,6,0.3091,1.0928,-0.9699,1.5852,3.1114,1.0973,23.0,66.67,20.0173,MULTI_MARKET_FINALIST
91,MM-0511,EMA200+RSI,1.0,10,10,Balanced,3.0,8.0,9,5,0.7198,1.157,-1.3516,1.4476,3.1114,1.1991,20.0,55.56,19.858,MULTI_MARKET_FINALIST
92,MM-0506,EMA200+RSI,1.0,7,10,Trend,4.0,10.0,9,5,0.6413,1.1737,-1.6753,1.4069,3.5911,1.2422,21.0,55.56,19.5709,MULTI_MARKET_FINALIST
93,MM-0030,Original,1.0,10,30,Trend,4.0,10.0,9,5,1.3829,1.5621,-2.6677,2.6001,5.2526,1.309,35.0,55.56,19.5478,MULTI_MARKET_FINALIST
94,MM-0496,EMA200+RSI,0.8,10,20,Trend,4.0,10.0,9,5,0.5788,1.6794,-1.8661,1.2902,3.81,1.1616,26.0,55.56,19.4195,MULTI_MARKET_FINALIST
95,MM-0517,EMA200+RSI,1.0,14,10,Balanced,3.0,8.0,9,5,0.6832,1.0862,-1.2198,1.5496,3.1114,1.1766,21.0,55.56,19.4078,MULTI_MARKET_FINALIST
96,MM-0502,EMA200+RSI,0.8,14,20,Trend,4.0,10.0,9,5,0.5064,2.0963,-1.1259,1.849,3.7721,1.1412,26.0,55.56,19.4004,MULTI_MARKET_FINALIST
97,MM-0498,EMA200+RSI,0.8,10,30,Trend,4.0,10.0,9,5,0.5788,1.6512,-1.8661,1.2902,3.81,1.1616,26.0,55.56,19.3772,MULTI_MARKET_FINALIST
98,MM-0504,EMA200+RSI,0.8,14,30,Trend,4.0,10.0,9,5,0.5064,2.0683,-1.1919,1.849,3.7721,1.1412,26.0,55.56,19.3089,MULTI_MARKET_FINALIST
99,MM-0063,EMA200,0.8,10,20,Balanced,3.0,8.0,9,5,1.1902,1.4159,-1.9238,2.3901,5.0194,1.2519,32.0,55.56,19.283,MULTI_MARKET_FINALIST
100,MM-0065,EMA200,0.8,10,30,Balanced,3.0,8.0,9,5,1.1902,1.3661,-1.9238,2.3901,5.0194,1.2519,32.0,55.56,19.2084,MULTI_MARKET_FINALIST
101,MM-0488,EMA200+RSI,0.8,7,10,Trend,4.0,10.0,9,5,0.5475,1.7143,-1.9875,1.2902,3.81,1.1439,26.0,55.56,19.1453,MULTI_MARKET_FINALIST
102,MM-0512,EMA200+RSI,1.0,10,10,Trend,4.0,10.0,9,5,0.6413,1.0225,-1.6753,1.4069,3.8445,1.2296,20.0,55.56,19.1165,MULTI_MARKET_FINALIST
103,MM-0042,Original,1.2,7,30,Trend,4.0,10.0,9,6,0.5628,1.9359,-1.8682,2.3995,4.7062,1.0538,29.0,66.67,19.0025,MULTI_MARKET_FINALIST
104,MM-0152,RSI,1.2,10,10,Trend,4.0,10.0,9,4,0.5551,1.3104,-1.6894,1.2164,3.2156,1.3301,20.0,44.44,18.4612,MULTI_MARKET_FINALIST
105,MM-0055,EMA200,0.8,7,10,Balanced,3.0,8.0,9,5,0.7634,1.4423,-1.7219,1.8966,5.0194,1.1445,33.0,55.56,18.0747,MULTI_MARKET_FINALIST
106,MM-0128,RSI,1.0,7,10,Trend,4.0,10.0,9,5,0.6413,0.9528,-2.6123,1.4503,4.6405,1.2422,24.0,55.56,17.9468,MULTI_MARKET_FINALIST
107,MM-0103,EMA200,1.2,14,10,Balanced,3.0,8.0,9,5,0.2079,1.2572,-1.1528,1.4523,2.8983,1.0792,23.0,55.56,17.7619,MULTI_MARKET_FINALIST
108,MM-0074,EMA200,1.0,7,10,Trend,4.0,10.0,9,5,0.7879,1.358,-3.5782,1.5517,6.1515,1.2718,27.0,55.56,17.5992,MULTI_MARKET_FINALIST
109,MM-0057,EMA200,0.8,7,20,Balanced,3.0,8.0,9,5,0.9042,1.1482,-2.4152,2.0426,5.0194,1.1701,33.0,55.56,17.5217,MULTI_MARKET_FINALIST
110,MM-0059,EMA200,0.8,7,30,Balanced,3.0,8.0,9,5,0.9042,1.1183,-2.4152,2.0426,5.0194,1.1701,33.0,55.56,17.477,MULTI_MARKET_FINALIST
111,MM-0134,RSI,1.0,10,10,Trend,4.0,10.0,9,5,0.6413,0.8071,-2.7665,1.4503,4.7915,1.2296,24.0,55.56,17.4365,MULTI_MARKET_FINALIST
112,MM-0080,EMA200,1.0,10,10,Trend,4.0,10.0,9,5,0.7879,1.1694,-3.5386,1.5517,6.113,1.2718,27.0,55.56,17.3653,MULTI_MARKET_FINALIST
113,MM-0490,EMA200+RSI,0.8,7,20,Trend,4.0,10.0,9,5,0.3303,1.4769,-2.5048,1.2902,3.81,1.0902,26.0,55.56,17.3201,MULTI_MARKET_FINALIST
114,MM-0040,Original,1.2,7,20,Trend,4.0,10.0,9,5,0.5628,2.0532,-1.8682,2.3995,4.025,1.0524,29.0,55.56,17.2856,MULTI_MARKET_FINALIST
115,MM-0492,EMA200+RSI,0.8,7,30,Trend,4.0,10.0,9,5,0.3303,1.4471,-2.5048,1.2902,3.81,1.0902,26.0,55.56,17.2753,MULTI_MARKET_FINALIST
116,MM-0098,EMA200,1.2,10,10,Trend,4.0,10.0,9,4,0.3704,1.6075,-1.3462,1.2109,2.969,1.1465,23.0,44.44,17.2728,MULTI_MARKET_FINALIST
117,MM-0518,EMA200+RSI,1.0,14,10,Trend,4.0,10.0,9,5,0.355,0.93,-1.544,1.509,3.8445,1.1117,21.0,55.56,17.121,MULTI_MARKET_FINALIST
118,MM-0286,RelativeVolume,0.8,14,20,Trend,4.0,10.0,9,4,1.6414,1.2567,-6.51,1.5956,7.0263,1.5183,21.0,44.44,17.0555,MULTI_MARKET_FINALIST
119,MM-0041,Original,1.2,7,30,Balanced,3.0,8.0,9,5,0.6646,1.3845,-1.8682,2.2805,4.2909,1.1022,29.0,55.56,17.0319,MULTI_MARKET_FINALIST
120,MM-0288,RelativeVolume,0.8,14,30,Trend,4.0,10.0,9,4,1.6414,1.2369,-6.51,1.5956,7.0263,1.5183,21.0,44.44,17.0258,MULTI_MARKET_FINALIST
121,MM-0141,RSI,1.0,14,20,Balanced,3.0,8.0,9,5,0.2973,0.8961,-1.3844,1.9553,3.1114,1.1398,23.0,55.56,16.9386,MULTI_MARKET_FINALIST
122,MM-0104,EMA200,1.2,14,10,Trend,4.0,10.0,9,4,0.3704,1.5998,-1.1434,1.6194,2.9278,1.1465,23.0,44.44,16.8213,MULTI_MARKET_FINALIST
123,MM-0143,RSI,1.0,14,30,Balanced,3.0,8.0,9,5,0.2416,0.922,-1.3844,1.9553,3.1114,1.0835,23.0,55.56,16.36,MULTI_MARKET_FINALIST
124,MM-0036,Original,1.0,14,30,Trend,4.0,10.0,9,5,0.7178,1.5511,-2.6677,2.5821,5.2526,1.15,35.0,55.56,16.291,MULTI_MARKET_FINALIST
125,MM-0086,EMA200,1.0,14,10,Trend,4.0,10.0,9,5,0.5282,1.0781,-3.1181,1.509,6.113,1.19,26.0,55.56,16.1743,MULTI_MARKET_FINALIST
126,MM-0039,Original,1.2,7,20,Balanced,3.0,8.0,9,5,0.4602,1.3058,-1.8682,2.2805,4.2909,1.0728,29.0,55.56,16.0655,MULTI_MARKET_FINALIST
127,MM-0068,EMA200,0.8,14,10,Trend,4.0,10.0,9,5,0.616,1.3056,-3.2484,1.7903,6.2327,1.1376,33.0,55.56,15.7802,MULTI_MARKET_FINALIST
128,MM-0097,EMA200,1.2,10,10,Balanced,3.0,8.0,9,4,0.1968,1.2499,-1.2067,1.4523,2.9575,1.0792,23.0,44.44,15.4254,MULTI_MARKET_FINALIST
129,MM-0140,RSI,1.0,14,10,Trend,4.0,10.0,9,5,0.355,0.6612,-2.3426,1.7335,4.7915,1.1117,23.0,55.56,15.3086,MULTI_MARKET_FINALIST
130,MM-0519,EMA200+RSI,1.0,14,20,Balanced,3.0,8.0,9,4,0.2973,0.9754,-1.7413,1.4743,3.1114,1.1398,21.0,44.44,15.2891,MULTI_MARKET_FINALIST
131,MM-0158,RSI,1.2,14,10,Trend,4.0,10.0,9,4,0.3343,1.027,-1.6894,1.5503,3.2156,1.1305,20.0,44.44,15.276,MULTI_MARKET_FINALIST
132,MM-0087,EMA200,1.0,14,20,Balanced,3.0,8.0,9,5,0.121,1.0249,-2.0052,1.8486,4.5889,1.0554,26.0,55.56,14.8834,MULTI_MARKET_FINALIST
133,MM-0284,RelativeVolume,0.8,14,10,Trend,4.0,10.0,9,5,0.7485,1.1648,-6.51,1.4106,7.0263,1.2695,21.0,55.56,14.7483,MULTI_MARKET_FINALIST
134,MM-0521,EMA200+RSI,1.0,14,30,Balanced,3.0,8.0,9,4,0.1634,1.0014,-1.7413,1.6529,3.1114,1.0577,21.0,44.44,14.0018,MULTI_MARKET_FINALIST
135,MM-0278,RelativeVolume,0.8,10,10,Trend,4.0,10.0,9,4,0.7147,1.195,-5.047,1.5496,6.9635,1.3304,21.0,44.44,13.8772,MULTI_MARKET_FINALIST
136,MM-0279,RelativeVolume,0.8,10,20,Balanced,3.0,8.0,9,3,2.9202,1.6894,-2.4402,1.4523,4.4815,1.703,21.0,33.33,25.3361,REJECT
137,MM-0281,RelativeVolume,0.8,10,30,Balanced,3.0,8.0,9,3,2.9202,1.6695,-2.4402,1.4523,4.4815,1.703,21.0,33.33,25.3061,REJECT
138,MM-0337,LinearRegression,0.8,14,10,Balanced,3.0,8.0,9,1,2.3089,1.9186,-0.8012,1.2069,1.8806,1.884,16.0,11.11,23.7473,REJECT
139,MM-0339,LinearRegression,0.8,14,20,Balanced,3.0,8.0,9,1,2.0454,1.7509,-1.0098,1.2458,2.7643,1.8445,16.0,11.11,21.7325,REJECT
140,MM-0178,MACD,0.8,14,20,Trend,4.0,10.0,9,1,0.9899,2.169,-1.3896,1.0556,2.6011,2.1295,12.0,11.11,21.5552,REJECT
141,MM-0180,MACD,0.8,14,30,Trend,4.0,10.0,9,1,0.9899,2.1497,-1.3896,1.0556,2.6011,2.1295,12.0,11.11,21.5263,REJECT
142,MM-0341,LinearRegression,0.8,14,30,Balanced,3.0,8.0,9,1,1.8711,1.7315,-1.0098,1.2458,2.7643,1.8445,16.0,11.11,21.1806,REJECT
143,MM-0271,RelativeVolume,0.8,7,10,Balanced,3.0,8.0,9,2,2.0978,1.568,-2.963,1.4523,4.535,1.7889,23.0,22.22,20.7328,REJECT
144,MM-0338,LinearRegression,0.8,14,10,Trend,4.0,10.0,9,1,1.9877,1.9685,-0.8012,1.2069,2.176,1.6099,16.0,11.11,20.5181,REJECT
145,MM-0391,SmoothedHeikenAshi,0.8,14,10,Balanced,3.0,8.0,9,2,1.4864,1.8074,-0.3359,1.2628,2.7491,1.4724,15.0,22.22,19.8732,REJECT
146,MM-0446,BXStyle,0.8,14,10,Trend,4.0,10.0,9,1,1.8041,1.5573,-0.4053,1.3457,2.0194,1.6162,15.0,11.11,19.5679,REJECT
147,MM-0331,LinearRegression,0.8,10,10,Balanced,3.0,8.0,9,1,1.602,1.5432,-1.0278,1.2568,2.0315,1.7302,16.0,11.11,19.5129,REJECT
148,MM-0374,LinearRegression,1.2,14,10,Trend,4.0,10.0,9,0,1.5534,1.4765,-2.2223,1.2605,2.3483,2.1117,10.0,0.0,19.037,REJECT
149,MM-0445,BXStyle,0.8,14,10,Balanced,3.0,8.0,9,1,1.8419,1.5225,-0.3619,1.2069,1.9128,1.5052,15.0,11.11,19.035,REJECT
150,MM-0385,SmoothedHeikenAshi,0.8,10,10,Balanced,3.0,8.0,9,2,1.2546,1.4243,-0.335,1.2239,2.7491,1.5168,16.0,22.22,19.0175,REJECT
151,MM-0634,RSI+MACD,1.2,7,20,Trend,4.0,10.0,9,0,0.7528,1.2459,-1.139,0.9078,1.975,2.2588,6.0,0.0,18.9942,REJECT
152,MM-0388,SmoothedHeikenAshi,0.8,10,20,Trend,4.0,10.0,9,2,1.2047,1.6979,-1.7222,1.5644,3.188,1.6735,16.0,22.22,18.7612,REJECT
153,MM-0340,LinearRegression,0.8,14,20,Trend,4.0,10.0,9,1,1.7251,1.8539,-1.0098,1.3157,3.2031,1.6099,16.0,11.11,18.7252,REJECT
154,MM-0655,EMA200+BXStyle,0.8,10,10,Balanced,3.0,8.0,9,2,1.3701,1.0439,-0.0787,1.2959,2.3094,1.4697,15.0,22.22,18.7206,REJECT
155,MM-0368,LinearRegression,1.2,10,10,Trend,4.0,10.0,9,0,1.2067,1.6236,-1.175,1.0576,2.384,2.0342,10.0,0.0,18.6694,REJECT
156,MM-0448,BXStyle,0.8,14,20,Trend,4.0,10.0,9,1,2.3635,1.6011,-1.428,1.3833,2.8618,1.4376,15.0,11.11,18.6383,REJECT
157,MM-0273,RelativeVolume,0.8,7,20,Balanced,3.0,8.0,9,2,1.6602,1.4062,-2.963,1.4523,4.535,1.7185,23.0,22.22,18.6142,REJECT
158,MM-0275,RelativeVolume,0.8,7,30,Balanced,3.0,8.0,9,2,1.6602,1.4062,-2.963,1.4523,4.535,1.7185,23.0,22.22,18.6142,REJECT
159,MM-0450,BXStyle,0.8,14,30,Trend,4.0,10.0,9,1,2.3635,1.5721,-1.428,1.3833,2.8618,1.4376,15.0,11.11,18.5949,REJECT
160,MM-0175,MACD,0.8,14,10,Balanced,3.0,8.0,9,1,0.6614,1.7501,-0.6018,1.0342,1.6323,1.7821,12.0,11.11,18.2695,REJECT
161,MM-0373,LinearRegression,1.2,14,10,Balanced,3.0,8.0,9,0,1.4289,1.2032,-2.3071,1.2229,2.4329,2.1117,10.0,0.0,18.204,REJECT
162,MM-0342,LinearRegression,0.8,14,30,Trend,4.0,10.0,9,1,1.5513,1.8346,-1.0098,1.3157,3.2031,1.6099,16.0,11.11,18.1748,REJECT
163,MM-0390,SmoothedHeikenAshi,0.8,10,30,Trend,4.0,10.0,9,2,1.2047,1.6689,-1.7222,1.5644,3.188,1.6011,16.0,22.22,18.1384,REJECT
164,MM-0392,SmoothedHeikenAshi,0.8,14,10,Trend,4.0,10.0,9,2,1.1614,1.8995,-0.774,1.4116,3.188,1.4534,15.0,22.22,18.1132,REJECT
165,MM-0177,MACD,0.8,14,20,Balanced,3.0,8.0,9,1,0.6914,1.8774,-0.8972,1.0556,2.2228,1.7939,12.0,11.11,18.096,REJECT
166,MM-0387,SmoothedHeikenAshi,0.8,10,20,Balanced,3.0,8.0,9,2,1.0332,1.4896,-0.6555,1.483,2.7491,1.5503,16.0,22.22,18.0902,REJECT
167,MM-0179,MACD,0.8,14,30,Balanced,3.0,8.0,9,1,0.6914,1.8581,-0.8972,1.0556,2.2228,1.7939,12.0,11.11,18.0671,REJECT
168,MM-0661,EMA200+BXStyle,0.8,14,10,Balanced,3.0,8.0,9,1,1.2065,1.3356,0.0564,1.2069,1.9128,1.6178,15.0,11.11,18.0631,REJECT
169,MM-0447,BXStyle,0.8,14,20,Balanced,3.0,8.0,9,1,1.9299,1.4663,-0.658,1.3134,2.7826,1.4486,15.0,11.11,17.9453,REJECT
170,MM-0394,SmoothedHeikenAshi,0.8,14,20,Trend,4.0,10.0,9,2,1.0326,2.1221,-1.7929,1.4116,3.188,1.5343,15.0,22.22,17.9437,REJECT
171,MM-0325,LinearRegression,0.8,7,10,Balanced,3.0,8.0,9,1,1.8283,1.3565,-1.5289,1.6354,2.0315,1.6014,15.0,11.11,17.9375,REJECT
172,MM-0389,SmoothedHeikenAshi,0.8,10,30,Balanced,3.0,8.0,9,2,0.9796,1.4398,-0.6555,1.483,2.7491,1.5503,16.0,22.22,17.8547,REJECT
173,MM-0393,SmoothedHeikenAshi,0.8,14,20,Balanced,3.0,8.0,9,2,0.886,1.8367,-0.6321,1.3018,2.7491,1.4689,15.0,22.22,17.8073,REJECT
174,MM-0640,RSI+MACD,1.2,10,20,Trend,4.0,10.0,9,0,0.7528,1.4156,-1.0902,0.9078,1.9266,2.0706,6.0,0.0,17.804,REJECT
175,MM-0449,BXStyle,0.8,14,30,Balanced,3.0,8.0,9,1,1.9299,1.4165,-0.7884,1.3134,2.7826,1.4486,15.0,11.11,17.7728,REJECT
176,MM-0439,BXStyle,0.8,10,10,Balanced,3.0,8.0,9,2,1.4292,1.2302,-0.4964,1.2959,2.3094,1.3289,16.0,22.22,17.7377,REJECT
177,MM-0333,LinearRegression,0.8,10,20,Balanced,3.0,8.0,9,1,1.3403,1.424,-1.2359,1.3046,2.1636,1.6448,16.0,11.11,17.5719,REJECT
178,MM-0434,BXStyle,0.8,7,10,Trend,4.0,10.0,9,2,1.5412,1.2581,-1.3736,1.5931,2.6047,1.3866,17.0,22.22,17.3258,REJECT
179,MM-0649,EMA200+BXStyle,0.8,7,10,Balanced,3.0,8.0,9,2,1.3382,1.0294,-0.3348,1.3188,2.3094,1.3364,16.0,22.22,17.3104,REJECT
180,MM-0344,LinearRegression,1.0,7,10,Trend,4.0,10.0,9,1,1.2666,1.1834,-1.525,1.0647,2.3788,1.6718,12.0,11.11,17.2413,REJECT
181,MM-0663,EMA200+BXStyle,0.8,14,20,Balanced,3.0,8.0,9,1,1.519,1.1616,-0.5159,1.3018,2.7826,1.5516,15.0,11.11,17.2034,REJECT
182,MM-0650,EMA200+BXStyle,0.8,7,10,Trend,4.0,10.0,9,2,1.3382,1.0436,-0.9883,1.5931,2.6047,1.4322,16.0,22.22,17.0488,REJECT
183,MM-0335,LinearRegression,0.8,10,30,Balanced,3.0,8.0,9,1,1.1672,1.4048,-1.2359,1.3046,2.1636,1.6448,16.0,11.11,17.0238,REJECT
184,MM-0662,EMA200+BXStyle,0.8,14,10,Trend,4.0,10.0,9,1,0.8867,1.3462,-0.0161,1.2069,2.0194,1.6162,15.0,11.11,16.9991,REJECT
185,MM-0386,SmoothedHeikenAshi,0.8,10,10,Trend,4.0,10.0,9,2,1.0702,1.424,-1.4051,1.2678,3.188,1.4646,16.0,22.22,16.9584,REJECT
186,MM-0440,BXStyle,0.8,10,10,Trend,4.0,10.0,9,2,1.3548,1.2102,-1.0388,1.4675,2.274,1.3408,16.0,22.22,16.9332,REJECT
187,MM-0395,SmoothedHeikenAshi,0.8,14,30,Balanced,3.0,8.0,9,2,0.7138,1.7869,-0.6321,1.3018,2.7491,1.4333,15.0,22.22,16.9312,REJECT
188,MM-0396,SmoothedHeikenAshi,0.8,14,30,Trend,4.0,10.0,9,2,0.864,2.093,-1.7929,1.4116,3.188,1.4757,15.0,22.22,16.9255,REJECT
189,MM-0656,EMA200+BXStyle,0.8,10,10,Trend,4.0,10.0,9,2,0.9456,1.0001,-0.6521,1.4675,2.274,1.4961,15.0,22.22,16.9229,REJECT
190,MM-0172,MACD,0.8,10,20,Trend,4.0,10.0,9,1,0.7592,1.7516,-1.0857,1.1987,2.3522,1.6919,13.0,11.11,16.874,REJECT
191,MM-0174,MACD,0.8,10,30,Trend,4.0,10.0,9,1,0.7592,1.7323,-1.0857,1.1987,2.3522,1.6919,13.0,11.11,16.8451,REJECT
192,MM-0332,LinearRegression,0.8,10,10,Trend,4.0,10.0,9,1,1.283,1.5273,-1.0278,1.3336,2.3265,1.5408,16.0,11.11,16.754,REJECT
193,MM-0658,EMA200+BXStyle,0.8,10,20,Trend,4.0,10.0,9,2,1.118,0.9217,-0.9716,1.5644,2.5883,1.4918,15.0,22.22,16.7459,REJECT
194,MM-0367,LinearRegression,1.2,10,10,Balanced,3.0,8.0,9,0,1.5457,1.3068,-1.2607,1.2229,2.4049,1.7599,10.0,0.0,16.6941,REJECT
195,MM-0376,LinearRegression,1.2,14,20,Trend,4.0,10.0,9,0,1.8214,1.5046,-2.2223,1.3717,2.3483,1.7125,10.0,0.0,16.5227,REJECT
196,MM-0372,LinearRegression,1.2,10,30,Trend,4.0,10.0,9,0,1.2067,1.7909,0.1121,1.354,2.384,1.6682,10.0,0.0,16.5132,REJECT
197,MM-0665,EMA200+BXStyle,0.8,14,30,Balanced,3.0,8.0,9,1,1.3456,1.112,-0.7884,1.3018,2.7826,1.5516,15.0,11.11,16.4045,REJECT
198,MM-0378,LinearRegression,1.2,14,30,Trend,4.0,10.0,9,0,1.8214,1.4304,-2.2223,1.3852,2.3483,1.7125,10.0,0.0,16.3912,REJECT
199,MM-0660,EMA200+BXStyle,0.8,10,30,Trend,4.0,10.0,9,2,1.0383,0.893,-1.0967,1.5644,2.5883,1.4918,15.0,22.22,16.37,REJECT
200,MM-0370,LinearRegression,1.2,10,20,Trend,4.0,10.0,9,0,1.2067,1.7814,-0.1656,1.354,2.384,1.6682,10.0,0.0,16.2906,REJECT
201,MM-0214,MACD,1.2,14,20,Trend,4.0,10.0,9,0,0.7304,1.9192,-0.725,0.9508,1.4654,1.738,9.0,0.0,16.2714,REJECT
202,MM-0657,EMA200+BXStyle,0.8,10,20,Balanced,3.0,8.0,9,2,0.8425,0.9183,-0.7431,1.3188,2.6258,1.4697,15.0,22.22,16.2585,REJECT
203,MM-0343,LinearRegression,1.0,7,10,Balanced,3.0,8.0,9,1,1.5042,1.1434,-1.6514,1.4523,2.0573,1.5298,12.0,11.11,16.2427,REJECT
204,MM-0433,BXStyle,0.8,7,10,Balanced,3.0,8.0,9,2,1.1305,1.2645,-0.787,1.4043,2.3094,1.276,17.0,22.22,16.0893,REJECT
205,MM-0217,ADX,0.8,7,10,Balanced,3.0,8.0,9,0,0.5435,0.8909,-1.4868,0.8853,2.7584,2.114,8.0,0.0,16.0565,REJECT
206,MM-0280,RelativeVolume,0.8,10,20,Trend,4.0,10.0,9,3,1.6414,1.273,-5.047,1.5956,6.9635,1.5183,21.0,33.33,15.9863,REJECT
207,MM-0659,EMA200+BXStyle,0.8,10,30,Balanced,3.0,8.0,9,2,0.8425,0.8688,-1.015,1.3188,2.6258,1.4697,15.0,22.22,15.9803,REJECT
208,MM-0282,RelativeVolume,0.8,10,30,Trend,4.0,10.0,9,3,1.6414,1.2531,-5.047,1.5956,6.9635,1.5183,21.0,33.33,15.9565,REJECT
209,MM-0442,BXStyle,0.8,10,20,Trend,4.0,10.0,9,2,1.118,1.3172,-1.357,1.5644,2.5883,1.3408,16.0,22.22,15.8422,REJECT
210,MM-0444,BXStyle,0.8,10,30,Trend,4.0,10.0,9,2,1.118,1.2883,-1.357,1.5644,2.5883,1.3408,16.0,22.22,15.7988,REJECT
211,MM-0715,BXStyle+LinearRegression,0.8,14,10,Balanced,3.0,8.0,9,0,1.216,1.3303,-0.8012,0.8747,1.5858,1.6068,10.0,0.0,15.792,REJECT
212,MM-0218,ADX,0.8,7,10,Trend,4.0,10.0,9,0,0.5435,0.9484,-1.5559,0.8853,3.4887,2.114,8.0,0.0,15.7259,REJECT
213,MM-0718,BXStyle+LinearRegression,0.8,14,20,Trend,4.0,10.0,9,0,1.4957,1.2984,-1.2301,0.9089,2.6315,1.6096,10.0,0.0,15.7098,REJECT
214,MM-0202,MACD,1.2,7,20,Trend,4.0,10.0,9,0,0.8963,1.4842,-0.8898,1.2054,1.9613,1.7809,9.0,0.0,15.7063,REJECT
215,MM-0151,RSI,1.2,10,10,Balanced,3.0,8.0,9,3,0.5551,1.0903,-0.8377,1.4523,2.9268,1.2447,20.0,33.33,15.6549,REJECT
216,MM-0716,BXStyle+LinearRegression,0.8,14,10,Trend,4.0,10.0,9,0,1.2919,1.3786,-0.8012,0.9089,1.6652,1.5532,10.0,0.0,15.5724,REJECT
217,MM-0334,LinearRegression,0.8,10,20,Trend,4.0,10.0,9,1,1.0221,1.4772,-1.2359,1.4105,2.4831,1.5408,16.0,11.11,15.5464,REJECT
218,MM-0229,ADX,0.8,14,10,Balanced,3.0,8.0,9,0,0.7157,1.0825,-0.6551,0.8853,2.4793,1.8506,8.0,0.0,15.5167,REJECT
219,MM-0664,EMA200+BXStyle,0.8,14,20,Trend,4.0,10.0,9,1,1.0478,1.2032,-1.0429,1.3833,2.8618,1.5684,15.0,11.11,15.4295,REJECT
220,MM-0379,SmoothedHeikenAshi,0.8,7,10,Balanced,3.0,8.0,9,2,0.7419,1.3528,-0.787,1.2239,2.7491,1.311,17.0,22.22,15.3867,REJECT
221,MM-0441,BXStyle,0.8,10,20,Balanced,3.0,8.0,9,2,0.8425,1.2217,-0.7922,1.4467,2.6258,1.3289,16.0,22.22,15.3585,REJECT
222,MM-0369,LinearRegression,1.2,10,20,Balanced,3.0,8.0,9,0,1.5457,1.3668,-0.5469,1.2573,2.4049,1.5196,10.0,0.0,15.3455,REJECT
223,MM-0361,LinearRegression,1.2,7,10,Balanced,3.0,8.0,9,0,1.4046,1.0775,-1.2607,1.2229,2.6695,1.6964,10.0,0.0,15.2866,REJECT
224,MM-0747,BXStyle+LinearRegression,1.2,10,20,Balanced,3.0,8.0,9,0,1.2229,1.1535,-0.4738,1.2573,1.9602,1.6374,9.0,0.0,15.2767,REJECT
225,MM-0362,LinearRegression,1.2,7,10,Trend,4.0,10.0,9,0,1.2779,1.4002,-1.175,1.0576,2.7163,1.6422,10.0,0.0,15.2458,REJECT
226,MM-0038,Original,1.2,7,10,Trend,4.0,10.0,9,4,0.1015,2.1616,-0.7367,2.0567,3.7842,1.0352,29.0,44.44,15.1878,REJECT
227,MM-0720,BXStyle+LinearRegression,0.8,14,30,Trend,4.0,10.0,9,0,1.3223,1.2791,-1.2301,0.9089,2.6315,1.6096,10.0,0.0,15.1607,REJECT
228,MM-0651,EMA200+BXStyle,0.8,7,20,Balanced,3.0,8.0,9,2,1.0501,0.7119,-1.2457,1.3188,2.6258,1.3364,16.0,22.22,15.1284,REJECT
229,MM-0443,BXStyle,0.8,10,30,Balanced,3.0,8.0,9,2,0.8425,1.1719,-1.015,1.4467,2.6258,1.3289,16.0,22.22,15.1168,REJECT
230,MM-0435,BXStyle,0.8,7,20,Balanced,3.0,8.0,9,2,1.1023,0.8885,-1.2457,1.505,2.6258,1.3167,17.0,22.22,15.1131,REJECT
231,MM-0734,BXStyle+LinearRegression,1.0,14,10,Trend,4.0,10.0,9,0,1.1961,0.9843,-1.2977,1.4479,2.2585,1.7843,9.0,0.0,15.0648,REJECT
232,MM-0375,LinearRegression,1.2,14,20,Balanced,3.0,8.0,9,0,1.5549,1.0988,-2.3071,1.5558,2.4329,1.7503,10.0,0.0,15.0348,REJECT
233,MM-0216,MACD,1.2,14,30,Trend,4.0,10.0,9,0,0.605,1.7672,-0.725,1.142,1.4654,1.6937,9.0,0.0,15.0259,REJECT
234,MM-0336,LinearRegression,0.8,10,30,Trend,4.0,10.0,9,1,0.8496,1.458,-1.2359,1.4105,2.4831,1.5408,16.0,11.11,15.0002,REJECT
235,MM-0364,LinearRegression,1.2,7,20,Trend,4.0,10.0,9,0,1.2779,1.5066,-0.9689,1.3533,2.7163,1.6236,10.0,0.0,14.9676,REJECT
236,MM-0652,EMA200+BXStyle,0.8,7,20,Trend,4.0,10.0,9,2,0.9205,0.7602,-1.3272,1.5931,2.9179,1.4322,16.0,22.22,14.9599,REJECT
237,MM-0750,BXStyle+LinearRegression,1.2,10,30,Trend,4.0,10.0,9,0,0.7151,1.6739,-0.193,1.2815,1.5274,1.6395,9.0,0.0,14.9415,REJECT
238,MM-0748,BXStyle+LinearRegression,1.2,10,20,Trend,4.0,10.0,9,0,0.7151,1.6641,-0.193,1.2815,1.5274,1.6395,9.0,0.0,14.9268,REJECT
239,MM-0436,BXStyle,0.8,7,20,Trend,4.0,10.0,9,2,0.9303,0.9165,-1.6908,1.5931,2.9179,1.4289,17.0,22.22,14.9246,REJECT
240,MM-0653,EMA200+BXStyle,0.8,7,30,Balanced,3.0,8.0,9,2,1.0501,0.6818,-1.5162,1.3188,2.6258,1.3364,16.0,22.22,14.8804,REJECT
241,MM-0438,BXStyle,0.8,7,30,Trend,4.0,10.0,9,2,0.9303,0.8865,-1.6908,1.5931,2.9179,1.4289,17.0,22.22,14.8796,REJECT
242,MM-0437,BXStyle,0.8,7,30,Balanced,3.0,8.0,9,2,1.1023,0.8585,-1.5162,1.505,2.6258,1.3167,17.0,22.22,14.8651,REJECT
243,MM-0176,MACD,0.8,14,10,Trend,4.0,10.0,9,1,0.5098,1.863,-1.1743,1.0342,2.3725,1.4916,12.0,11.11,14.8606,REJECT
244,MM-0037,Original,1.2,7,10,Balanced,3.0,8.0,9,4,0.1525,1.6074,-0.5153,1.8854,4.2909,1.0482,29.0,44.44,14.783,REJECT
245,MM-0639,RSI+MACD,1.2,10,20,Balanced,3.0,8.0,9,0,0.6415,0.8877,-0.1078,1.0032,1.9605,1.7611,6.0,0.0,14.779,REJECT
246,MM-0641,RSI+MACD,1.2,10,30,Balanced,3.0,8.0,9,0,0.6415,0.898,-0.1737,1.0032,1.9605,1.7611,6.0,0.0,14.745,REJECT
247,MM-0366,LinearRegression,1.2,7,30,Trend,4.0,10.0,9,0,1.2779,1.5162,-0.9689,1.354,2.7163,1.5917,10.0,0.0,14.7258,REJECT
248,MM-0371,LinearRegression,1.2,10,30,Balanced,3.0,8.0,9,0,1.2322,1.376,-0.1414,1.2573,2.4049,1.5196,10.0,0.0,14.7229,REJECT
249,MM-0654,EMA200+BXStyle,0.8,7,30,Trend,4.0,10.0,9,2,0.9205,0.7302,-1.5975,1.5931,2.9179,1.4322,16.0,22.22,14.7121,REJECT
250,MM-0717,BXStyle+LinearRegression,0.8,14,20,Balanced,3.0,8.0,9,0,1.3889,1.197,-1.0098,0.8747,2.3375,1.4852,10.0,0.0,14.6057,REJECT
251,MM-0377,LinearRegression,1.2,14,30,Balanced,3.0,8.0,9,0,1.4204,1.063,-2.3071,1.5558,2.4329,1.7503,10.0,0.0,14.5776,REJECT
252,MM-0719,BXStyle+LinearRegression,0.8,14,30,Balanced,3.0,8.0,9,0,1.3889,1.1777,-1.0098,0.8747,2.3375,1.4852,10.0,0.0,14.5767,REJECT
253,MM-0169,MACD,0.8,10,10,Balanced,3.0,8.0,9,1,0.6827,1.3477,-0.7909,1.0622,2.0573,1.437,13.0,11.11,14.5727,REJECT
254,MM-0327,LinearRegression,0.8,7,20,Balanced,3.0,8.0,9,1,1.0411,1.0483,-1.736,1.6354,2.1636,1.5603,15.0,11.11,14.5635,REJECT
255,MM-0329,LinearRegression,0.8,7,30,Balanced,3.0,8.0,9,1,1.0411,1.0483,-1.736,1.6354,2.1636,1.5603,15.0,11.11,14.5635,REJECT
256,MM-0749,BXStyle+LinearRegression,1.2,10,30,Balanced,3.0,8.0,9,0,1.2229,1.163,-0.193,1.2573,1.9602,1.5196,9.0,0.0,14.5591,REJECT
257,MM-0345,LinearRegression,1.0,7,20,Balanced,3.0,8.0,9,1,1.5125,0.9843,-1.8582,1.4523,2.1054,1.3632,12.0,11.11,14.5169,REJECT
258,MM-0746,BXStyle+LinearRegression,1.2,10,10,Trend,4.0,10.0,9,0,0.7151,1.4913,-1.1024,1.0576,1.5274,1.6565,9.0,0.0,14.4573,REJECT
259,MM-0171,MACD,0.8,10,20,Balanced,3.0,8.0,9,1,0.6207,1.5362,-1.0857,1.1987,2.0651,1.4484,13.0,11.11,14.3309,REJECT
260,MM-0173,MACD,0.8,10,30,Balanced,3.0,8.0,9,1,0.6207,1.5169,-1.0857,1.1987,2.0651,1.4484,13.0,11.11,14.302,REJECT
261,MM-0740,BXStyle+LinearRegression,1.2,7,10,Trend,4.0,10.0,9,0,0.7859,1.2354,-1.1024,1.0576,1.7383,1.6709,9.0,0.0,14.2957,REJECT
262,MM-0476,BXStyle,1.2,10,10,Trend,4.0,10.0,9,0,1.1667,1.3524,-0.777,1.2428,2.6272,1.5658,15.0,0.0,14.2946,REJECT
263,MM-0642,RSI+MACD,1.2,10,30,Trend,4.0,10.0,9,0,0.2364,1.3478,-1.0902,0.9078,1.9266,1.8369,6.0,0.0,14.2834,REJECT
264,MM-0722,BXStyle+LinearRegression,1.0,7,10,Trend,4.0,10.0,9,0,1.0436,0.9269,-1.4526,1.0647,2.3448,1.6936,11.0,0.0,14.211,REJECT
265,MM-0745,BXStyle+LinearRegression,1.2,10,10,Balanced,3.0,8.0,9,0,0.9973,1.0798,-1.1881,1.2229,1.9602,1.6565,9.0,0.0,14.1581,REJECT
266,MM-0742,BXStyle+LinearRegression,1.2,7,20,Trend,4.0,10.0,9,0,0.7859,1.3565,-0.9689,1.3432,1.7383,1.6709,9.0,0.0,14.1491,REJECT
267,MM-0744,BXStyle+LinearRegression,1.2,7,30,Trend,4.0,10.0,9,0,0.7859,1.3664,-0.9689,1.3533,1.7383,1.6709,9.0,0.0,14.1488,REJECT
268,MM-0666,EMA200+BXStyle,0.8,14,30,Trend,4.0,10.0,9,1,0.8752,1.1745,-1.0429,1.3833,2.8618,1.4775,15.0,11.11,14.1416,REJECT
269,MM-0346,LinearRegression,1.0,7,20,Trend,4.0,10.0,9,1,1.2666,1.0348,-1.7321,1.206,2.3788,1.3445,12.0,11.11,14.0327,REJECT
270,MM-0530,EMA200+RSI,1.2,10,10,Trend,4.0,10.0,9,3,0.2975,1.1044,-1.189,1.2164,2.9096,1.1222,18.0,33.33,14.0223,REJECT
271,MM-0601,RSI+MACD,0.8,10,10,Balanced,3.0,8.0,9,1,0.7245,0.7711,-0.4665,1.0393,2.0573,1.4217,12.0,11.11,13.9885,REJECT
272,MM-0348,LinearRegression,1.0,7,30,Trend,4.0,10.0,9,1,1.2666,0.9991,-1.7321,1.206,2.3788,1.3445,12.0,11.11,13.9792,REJECT
273,MM-0363,LinearRegression,1.2,7,20,Balanced,3.0,8.0,9,0,1.3762,1.0684,-1.0676,1.4399,2.6695,1.5645,10.0,0.0,13.9519,REJECT
274,MM-0636,RSI+MACD,1.2,7,30,Trend,4.0,10.0,9,0,0.2007,1.1783,-1.139,0.9078,1.975,1.8369,6.0,0.0,13.8613,REJECT
275,MM-0326,LinearRegression,0.8,7,10,Trend,4.0,10.0,9,1,1.5087,1.3179,-1.5289,1.8332,2.3265,1.272,15.0,11.11,13.8414,REJECT
276,MM-0347,LinearRegression,1.0,7,30,Balanced,3.0,8.0,9,1,1.2951,0.9484,-1.8582,1.4523,2.1054,1.3632,12.0,11.11,13.8109,REJECT
277,MM-0751,BXStyle+LinearRegression,1.2,14,10,Balanced,3.0,8.0,9,0,1.262,0.923,-2.2074,1.2229,2.3334,1.6565,8.0,0.0,13.7659,REJECT
278,MM-0646,RSI+MACD,1.2,14,20,Trend,4.0,10.0,9,0,0.2135,1.1858,-1.0902,1.0893,1.9266,1.8369,6.0,0.0,13.6995,REJECT
279,MM-0607,RSI+MACD,0.8,14,10,Balanced,3.0,8.0,9,0,0.7059,1.1515,-0.3783,1.0342,1.7071,1.5633,11.0,0.0,13.6628,REJECT
280,MM-0753,BXStyle+LinearRegression,1.2,14,20,Balanced,3.0,8.0,9,0,1.262,0.8322,-2.2074,1.4026,2.3334,1.6941,8.0,0.0,13.661,REJECT
281,MM-0274,RelativeVolume,0.8,7,20,Trend,4.0,10.0,9,2,1.7346,1.0056,-5.3726,1.5956,7.1807,1.5621,23.0,22.22,13.6403,REJECT
282,MM-0276,RelativeVolume,0.8,7,30,Trend,4.0,10.0,9,2,1.7346,1.0056,-5.3726,1.5956,7.1807,1.5621,23.0,22.22,13.6403,REJECT
283,MM-0667,EMA200+BXStyle,1.0,7,10,Balanced,3.0,8.0,9,0,1.0583,1.0262,-0.2399,1.2959,1.9128,1.5002,14.0,0.0,13.6356,REJECT
284,MM-0728,BXStyle+LinearRegression,1.0,10,10,Trend,4.0,10.0,9,0,1.2846,0.8028,-1.4526,1.2346,2.3964,1.5796,10.0,0.0,13.5552,REJECT
285,MM-0365,LinearRegression,1.2,7,30,Balanced,3.0,8.0,9,0,1.236,1.0777,-1.0676,1.4399,2.6695,1.5645,10.0,0.0,13.5452,REJECT
286,MM-0668,EMA200+BXStyle,1.0,7,10,Trend,4.0,10.0,9,0,1.28,1.1325,-0.2399,1.2511,1.8449,1.3681,14.0,0.0,13.5045,REJECT
287,MM-0475,BXStyle,1.2,10,10,Balanced,3.0,8.0,9,0,1.3944,1.0825,-0.5729,1.4489,2.1858,1.4164,15.0,0.0,13.4422,REJECT
288,MM-0170,MACD,0.8,10,10,Trend,4.0,10.0,9,1,0.4849,1.3693,-1.3434,1.0622,2.5395,1.4466,13.0,11.11,13.433,REJECT
289,MM-0741,BXStyle+LinearRegression,1.2,7,20,Balanced,3.0,8.0,9,0,1.236,0.8225,-1.0676,1.3675,1.9602,1.5294,9.0,0.0,13.3448,REJECT
290,MM-0743,BXStyle+LinearRegression,1.2,7,30,Balanced,3.0,8.0,9,0,1.236,0.832,-1.0676,1.3812,1.9602,1.5294,9.0,0.0,13.3386,REJECT
291,MM-0602,RSI+MACD,0.8,10,10,Trend,4.0,10.0,9,1,0.3293,0.7797,-0.5284,1.0393,2.3522,1.5005,12.0,11.11,13.2523,REJECT
292,MM-0724,BXStyle+LinearRegression,1.0,7,20,Trend,4.0,10.0,9,0,1.2627,0.6993,-1.6599,1.206,2.3448,1.5731,11.0,0.0,13.1955,REJECT
293,MM-0739,BXStyle+LinearRegression,1.2,7,10,Balanced,3.0,8.0,9,0,0.9688,0.8179,-1.1881,1.2229,1.9602,1.5917,9.0,0.0,13.1613,REJECT
294,MM-0721,BXStyle+LinearRegression,1.0,7,10,Balanced,3.0,8.0,9,0,1.1964,0.7876,-1.579,1.2355,2.0573,1.5298,11.0,0.0,12.9429,REJECT
295,MM-0146,RSI,1.2,7,10,Trend,4.0,10.0,9,3,0.3343,1.2802,-1.6203,1.4864,3.2636,1.0533,20.0,33.33,12.9397,REJECT
296,MM-0198,MACD,1.0,14,30,Trend,4.0,10.0,9,0,1.4116,0.8919,-1.1336,1.3471,3.1701,1.4766,9.0,0.0,12.9295,REJECT
297,MM-0633,RSI+MACD,1.2,7,20,Balanced,3.0,8.0,9,0,0.6415,0.7208,-0.5528,0.9941,1.9605,1.5955,6.0,0.0,12.8836,REJECT
298,MM-0635,RSI+MACD,1.2,7,30,Balanced,3.0,8.0,9,0,0.6415,0.7312,-0.6264,0.9941,1.9605,1.5955,6.0,0.0,12.8442,REJECT
299,MM-0553,EMA200+MACD,0.8,14,10,Balanced,3.0,8.0,9,1,0.3293,0.8623,-0.55,1.0342,1.6859,1.3809,6.0,11.11,12.744,REJECT
300,MM-0101,EMA200,1.2,10,30,Balanced,3.0,8.0,9,4,-0.1683,1.1169,-1.9609,1.5029,2.9575,0.9817,23.0,44.44,12.7091,REJECT
301,MM-0752,BXStyle+LinearRegression,1.2,14,10,Trend,4.0,10.0,9,0,0.7151,1.2732,-2.1226,1.2605,2.2486,1.6565,8.0,0.0,12.7001,REJECT
302,MM-0536,EMA200+RSI,1.2,14,10,Trend,4.0,10.0,9,3,0.2975,0.9513,-1.7434,1.5503,3.381,1.1222,18.0,33.33,12.6402,REJECT
303,MM-0733,BXStyle+LinearRegression,1.0,14,10,Balanced,3.0,8.0,9,0,0.9066,0.8565,-1.4243,1.3671,1.8154,1.5747,9.0,0.0,12.5755,REJECT
304,MM-0754,BXStyle+LinearRegression,1.2,14,20,Trend,4.0,10.0,9,0,0.7151,1.3161,-2.1226,1.3717,2.2486,1.6395,8.0,0.0,12.4617,REJECT
305,MM-0230,ADX,0.8,14,10,Trend,4.0,10.0,9,0,0.564,1.1968,-0.9171,0.8853,3.2118,1.5714,8.0,0.0,12.4367,REJECT
306,MM-0638,RSI+MACD,1.2,10,10,Trend,4.0,10.0,9,0,0.4689,1.1262,-1.0902,0.9078,1.9266,1.5558,6.0,0.0,12.3998,REJECT
307,MM-0674,EMA200+BXStyle,1.0,10,10,Trend,4.0,10.0,9,0,0.9534,1.0803,-0.2416,1.1364,1.9502,1.3455,14.0,0.0,12.3838,REJECT
308,MM-0089,EMA200,1.0,14,30,Balanced,3.0,8.0,9,4,0.0654,1.0506,-2.0052,1.8486,4.5889,1.0364,26.0,44.44,12.3809,REJECT
309,MM-0226,ADX,0.8,10,20,Trend,4.0,10.0,9,0,0.3653,1.0241,-1.2172,1.0315,3.4887,1.7389,8.0,0.0,12.3387,REJECT
310,MM-0228,ADX,0.8,10,30,Trend,4.0,10.0,9,0,0.3653,1.0241,-1.2172,1.0315,3.4887,1.7389,8.0,0.0,12.3387,REJECT
311,MM-0756,BXStyle+LinearRegression,1.2,14,30,Trend,4.0,10.0,9,0,0.7151,1.2422,-2.1226,1.3852,2.2486,1.6395,8.0,0.0,12.3305,REJECT
312,MM-0099,EMA200,1.2,10,20,Balanced,3.0,8.0,9,4,-0.1683,1.0392,-2.3591,1.5029,2.9575,0.9817,23.0,44.44,12.2939,REJECT
313,MM-0105,EMA200,1.2,14,20,Balanced,3.0,8.0,9,4,-0.1259,1.0479,-2.3323,1.6898,3.0077,0.9874,23.0,44.44,12.1945,REJECT
314,MM-0209,MACD,1.2,10,30,Balanced,3.0,8.0,9,0,0.7431,1.0996,-0.725,1.0341,1.898,1.419,10.0,0.0,12.1868,REJECT
315,MM-0075,EMA200,1.0,7,20,Balanced,3.0,8.0,9,4,-0.1227,1.205,-1.991,1.5129,4.3621,0.9744,27.0,44.44,12.1798,REJECT
316,MM-0208,MACD,1.2,10,20,Trend,4.0,10.0,9,0,0.5674,1.6131,-0.8189,0.9865,1.9518,1.3896,10.0,0.0,12.1688,REJECT
317,MM-0632,RSI+MACD,1.2,7,10,Trend,4.0,10.0,9,0,0.4689,1.004,-1.139,0.9078,1.975,1.5558,6.0,0.0,12.1556,REJECT
318,MM-0157,RSI,1.2,14,10,Balanced,3.0,8.0,9,3,0.124,0.8845,-1.4086,1.4523,2.9268,1.0581,20.0,33.33,12.1319,REJECT
319,MM-0469,BXStyle,1.2,7,10,Balanced,3.0,8.0,9,0,1.391,0.7489,-0.5437,1.8972,2.4853,1.4164,14.0,0.0,12.1313,REJECT
320,MM-0224,ADX,0.8,10,10,Trend,4.0,10.0,9,0,0.3034,0.8611,-1.2172,0.8853,3.4887,1.7389,8.0,0.0,12.1279,REJECT
321,MM-0802,EMA200+RSI+MACD,1.2,10,20,Trend,4.0,10.0,9,0,0.2135,1.04,-0.7549,0.8324,1.5656,1.5643,5.0,0.0,12.1174,REJECT
322,MM-0808,EMA200+RSI+MACD,1.2,14,20,Trend,4.0,10.0,9,0,0.2135,1.0861,-0.8784,0.8324,1.5656,1.5643,4.0,0.0,12.0939,REJECT
323,MM-0219,ADX,0.8,7,20,Balanced,3.0,8.0,9,0,0.3713,0.7233,-1.4868,1.0315,2.7584,1.74,8.0,0.0,12.0773,REJECT
324,MM-0221,ADX,0.8,7,30,Balanced,3.0,8.0,9,0,0.3713,0.7233,-1.4868,1.0315,2.7584,1.74,8.0,0.0,12.0773,REJECT
325,MM-0380,SmoothedHeikenAshi,0.8,7,10,Trend,4.0,10.0,9,2,0.4193,1.3328,-1.7388,1.4233,3.188,1.1741,17.0,22.22,12.0613,REJECT
326,MM-0709,BXStyle+LinearRegression,0.8,10,10,Balanced,3.0,8.0,9,0,0.6064,1.1496,-1.0278,0.8674,1.7471,1.4296,10.0,0.0,12.0349,REJECT
327,MM-0319,RelativeVolume,1.2,14,10,Balanced,3.0,8.0,9,1,0.6871,1.2914,-1.4152,1.4523,2.8475,1.3077,15.0,11.11,12.0186,REJECT
328,MM-0477,BXStyle,1.2,10,20,Balanced,3.0,8.0,9,0,0.9662,1.0849,-0.8058,1.4489,2.1858,1.4164,15.0,0.0,11.9866,REJECT
329,MM-0608,RSI+MACD,0.8,14,10,Trend,4.0,10.0,9,0,0.3293,1.2511,-0.5284,1.0342,2.0085,1.507,11.0,0.0,11.9687,REJECT
330,MM-0196,MACD,1.0,14,20,Trend,4.0,10.0,9,0,1.0963,0.8815,-1.1336,1.3471,3.1701,1.4766,9.0,0.0,11.968,REJECT
331,MM-0763,EMA200+RSI+MACD,0.8,10,10,Balanced,3.0,8.0,9,1,0.3293,0.5275,-1.1456,1.0393,2.0573,1.4217,7.0,11.11,11.9282,REJECT
332,MM-0769,EMA200+RSI+MACD,0.8,14,10,Balanced,3.0,8.0,9,0,0.3293,0.9056,-0.55,1.0342,1.5858,1.5408,6.0,0.0,11.9161,REJECT
333,MM-0313,RelativeVolume,1.2,10,10,Balanced,3.0,8.0,9,1,0.6871,1.2674,-1.26,1.5849,2.8475,1.3077,15.0,11.11,11.9001,REJECT
334,MM-0355,LinearRegression,1.0,14,10,Balanced,3.0,8.0,9,0,1.1613,1.0869,-1.4968,1.5462,2.194,1.4144,13.0,0.0,11.8905,REJECT
335,MM-0356,LinearRegression,1.0,14,10,Trend,4.0,10.0,9,0,1.3032,1.1131,-1.3702,1.6659,2.6354,1.3899,13.0,0.0,11.8542,REJECT
336,MM-0360,LinearRegression,1.0,14,30,Trend,4.0,10.0,9,0,1.5469,1.0704,-1.001,1.5835,2.6354,1.2557,13.0,0.0,11.8483,REJECT
337,MM-0220,ADX,0.8,7,20,Trend,4.0,10.0,9,0,0.3713,0.8475,-1.5559,1.0315,3.4887,1.74,8.0,0.0,11.8467,REJECT
338,MM-0222,ADX,0.8,7,30,Trend,4.0,10.0,9,0,0.3713,0.8475,-1.5559,1.0315,3.4887,1.74,8.0,0.0,11.8467,REJECT
339,MM-0223,ADX,0.8,10,10,Balanced,3.0,8.0,9,0,0.3034,0.8016,-0.956,0.8853,2.7584,1.644,8.0,0.0,11.8405,REJECT
340,MM-0727,BXStyle+LinearRegression,1.0,10,10,Balanced,3.0,8.0,9,0,0.935,0.6597,-1.579,1.3089,2.1091,1.5298,10.0,0.0,11.8308,REJECT
341,MM-0077,EMA200,1.0,7,30,Balanced,3.0,8.0,9,4,-0.1782,1.1551,-1.991,1.5129,4.3621,0.9572,27.0,44.44,11.8009,REJECT
342,MM-0107,EMA200,1.2,14,30,Balanced,3.0,8.0,9,4,-0.1259,1.0545,-2.3323,1.9658,3.0077,0.9874,23.0,44.44,11.7903,REJECT
343,MM-0726,BXStyle+LinearRegression,1.0,7,30,Trend,4.0,10.0,9,0,1.2627,0.6637,-1.6599,1.206,2.3448,1.3997,11.0,0.0,11.7549,REJECT
344,MM-0451,BXStyle,1.0,7,10,Balanced,3.0,8.0,9,0,1.1501,0.959,-0.7359,1.4523,2.7436,1.362,15.0,0.0,11.6827,REJECT
345,MM-0547,EMA200+MACD,0.8,10,10,Balanced,3.0,8.0,9,1,0.3293,0.4843,-1.1456,1.0393,2.0573,1.3972,7.0,11.11,11.6674,REJECT
346,MM-0204,MACD,1.2,7,30,Trend,4.0,10.0,9,0,0.4664,1.4164,-1.2047,1.2054,1.9613,1.4771,9.0,0.0,11.6483,REJECT
347,MM-0554,EMA200+MACD,0.8,14,10,Trend,4.0,10.0,9,1,0.3293,0.8706,-0.6998,1.0342,1.9819,1.2738,6.0,11.11,11.6393,REJECT
348,MM-0738,BXStyle+LinearRegression,1.0,14,30,Trend,4.0,10.0,9,0,1.3036,0.8455,-0.9282,1.4734,2.2585,1.3117,9.0,0.0,11.6372,REJECT
349,MM-0669,EMA200+BXStyle,1.0,7,20,Balanced,3.0,8.0,9,0,1.0046,0.8194,-0.3478,1.2959,1.9128,1.3151,14.0,0.0,11.6026,REJECT
350,MM-0194,MACD,1.0,14,10,Trend,4.0,10.0,9,0,0.8673,0.7172,-1.3484,1.3471,3.1701,1.5663,9.0,0.0,11.5912,REJECT
351,MM-0272,RelativeVolume,0.8,7,10,Trend,4.0,10.0,9,2,1.1501,1.1565,-5.3726,1.5496,7.1807,1.4847,23.0,22.22,11.5629,REJECT
352,MM-0081,EMA200,1.0,10,20,Balanced,3.0,8.0,9,4,-0.1227,1.02,-1.991,1.6791,4.5889,0.9744,27.0,44.44,11.5396,REJECT
353,MM-0755,BXStyle+LinearRegression,1.2,14,30,Balanced,3.0,8.0,9,0,1.262,0.7966,-2.2074,1.4026,2.3334,1.4339,8.0,0.0,11.526,REJECT
354,MM-0088,EMA200,1.0,14,20,Trend,4.0,10.0,9,4,0.0475,1.1424,-2.6271,1.7921,5.6372,1.0295,26.0,44.44,11.5039,REJECT
355,MM-0358,LinearRegression,1.0,14,20,Trend,4.0,10.0,9,0,1.5469,1.0612,-1.403,1.6514,2.6354,1.2602,13.0,0.0,11.4671,REJECT
356,MM-0225,ADX,0.8,10,20,Balanced,3.0,8.0,9,0,0.2249,0.8302,-0.962,1.0315,2.7584,1.644,8.0,0.0,11.4241,REJECT
357,MM-0227,ADX,0.8,10,30,Balanced,3.0,8.0,9,0,0.2249,0.8302,-0.962,1.0315,2.7584,1.644,8.0,0.0,11.4241,REJECT
358,MM-0213,MACD,1.2,14,20,Balanced,3.0,8.0,9,0,0.6283,1.2848,-0.725,1.0189,1.8224,1.3221,9.0,0.0,11.4055,REJECT
359,MM-0736,BXStyle+LinearRegression,1.0,14,20,Trend,4.0,10.0,9,0,1.3036,0.8362,-1.3305,1.4479,2.2585,1.3117,9.0,0.0,11.3597,REJECT
360,MM-0692,EMA200+BXStyle,1.2,10,10,Trend,4.0,10.0,9,0,0.6739,1.1101,-1.3254,1.206,2.0105,1.4327,12.0,0.0,11.3402,REJECT
361,MM-0215,MACD,1.2,14,30,Balanced,3.0,8.0,9,0,0.6283,1.2496,-0.725,1.0341,1.8224,1.3221,9.0,0.0,11.33,REJECT
362,MM-0269,ADX,1.2,14,30,Balanced,3.0,8.0,9,0,0.0872,0.4692,-2.1394,0.856,3.4508,1.8673,6.0,0.0,11.2899,REJECT
363,MM-0452,BXStyle,1.0,7,10,Trend,4.0,10.0,9,0,1.0629,1.025,-0.7359,1.3263,3.3211,1.3455,15.0,0.0,11.2882,REJECT
364,MM-0673,EMA200+BXStyle,1.0,10,10,Balanced,3.0,8.0,9,0,0.9072,0.9748,-0.2416,1.2959,1.9128,1.2695,14.0,0.0,11.2584,REJECT
365,MM-0267,ADX,1.2,14,20,Balanced,3.0,8.0,9,0,0.0872,0.4464,-2.1394,0.856,3.4508,1.8673,6.0,0.0,11.2556,REJECT
366,MM-0479,BXStyle,1.2,10,30,Balanced,3.0,8.0,9,0,0.9101,1.1107,-0.8058,1.4489,2.1858,1.3341,15.0,0.0,11.1985,REJECT
367,MM-0083,EMA200,1.0,10,30,Balanced,3.0,8.0,9,4,-0.1782,0.9703,-1.991,1.6791,4.5889,0.9572,27.0,44.44,11.161,REJECT
368,MM-0603,RSI+MACD,0.8,10,20,Balanced,3.0,8.0,9,1,0.4006,0.7781,-0.7264,1.0574,2.0573,1.2151,12.0,11.11,11.1525,REJECT
369,MM-0605,RSI+MACD,0.8,10,30,Balanced,3.0,8.0,9,1,0.4006,0.7592,-0.7264,1.0574,2.0573,1.2151,12.0,11.11,11.124,REJECT
370,MM-0129,RSI,1.0,7,20,Balanced,3.0,8.0,9,4,-0.2406,0.8484,-2.0157,1.491,4.0821,0.9311,24.0,44.44,11.0992,REJECT
371,MM-0184,MACD,1.0,7,20,Trend,4.0,10.0,9,0,0.674,0.7597,-1.0935,1.243,2.9149,1.5018,10.0,0.0,11.0338,REJECT
372,MM-0186,MACD,1.0,7,30,Trend,4.0,10.0,9,0,0.674,0.7242,-1.0935,1.243,2.9149,1.5018,10.0,0.0,10.9806,REJECT
373,MM-0409,SmoothedHeikenAshi,1.0,14,10,Balanced,3.0,8.0,9,1,0.8287,0.5361,-1.5714,1.5462,2.6373,1.2851,14.0,11.11,10.9767,REJECT
374,MM-0091,EMA200,1.2,7,10,Balanced,3.0,8.0,9,3,-0.0052,1.0151,-1.5037,1.503,3.726,1.006,22.0,33.33,10.9765,REJECT
375,MM-0154,RSI,1.2,10,20,Trend,4.0,10.0,9,3,0.0078,1.191,-1.7895,1.4168,4.1761,1.005,20.0,33.33,10.9612,REJECT
376,MM-0357,LinearRegression,1.0,14,20,Balanced,3.0,8.0,9,0,0.9049,0.9904,-1.5295,1.5598,2.194,1.4144,13.0,0.0,10.9317,REJECT
377,MM-0470,BXStyle,1.2,7,10,Trend,4.0,10.0,9,0,0.8902,1.0229,-0.7073,1.5127,2.6272,1.3548,14.0,0.0,10.9302,REJECT
378,MM-0723,BXStyle+LinearRegression,1.0,7,20,Balanced,3.0,8.0,9,0,1.1157,0.5847,-1.786,1.2355,2.0573,1.363,11.0,0.0,10.9067,REJECT
379,MM-0529,EMA200+RSI,1.2,10,10,Balanced,3.0,8.0,9,3,-0.0764,0.8197,-1.0137,1.4523,2.847,0.9487,18.0,33.33,10.8944,REJECT
380,MM-0082,EMA200,1.0,10,20,Trend,4.0,10.0,9,4,-0.023,1.1219,-3.0497,1.7252,5.6372,1.0056,27.0,44.44,10.8539,REJECT
381,MM-0637,RSI+MACD,1.2,10,10,Balanced,3.0,8.0,9,0,0.3814,0.7066,-0.2408,0.9941,1.9605,1.4121,6.0,0.0,10.8489,REJECT
382,MM-0193,MACD,1.0,14,10,Balanced,3.0,8.0,9,0,0.4002,0.6752,-0.7796,1.2074,2.5843,1.5281,9.0,0.0,10.7503,REJECT
383,MM-0181,MACD,1.0,7,10,Balanced,3.0,8.0,9,0,0.5004,0.609,-0.5789,1.022,2.3276,1.4313,10.0,0.0,10.7341,REJECT
384,MM-0507,EMA200+RSI,1.0,7,20,Balanced,3.0,8.0,9,3,-0.1476,1.1027,-1.8723,1.4523,2.8561,0.9818,21.0,33.33,10.7215,REJECT
385,MM-0350,LinearRegression,1.0,10,10,Trend,4.0,10.0,9,0,1.1062,0.8834,-1.525,1.3897,2.6354,1.3266,13.0,0.0,10.7105,REJECT
386,MM-0131,RSI,1.0,7,30,Balanced,3.0,8.0,9,4,-0.296,0.7989,-2.0157,1.491,4.0821,0.9124,24.0,44.44,10.709,REJECT
387,MM-0509,EMA200+RSI,1.0,7,30,Balanced,3.0,8.0,9,3,-0.1476,1.0532,-1.8723,1.4523,2.8561,0.9818,21.0,33.33,10.6474,REJECT
388,MM-0190,MACD,1.0,10,20,Trend,4.0,10.0,9,0,0.7414,0.7901,-1.1336,1.3259,3.1701,1.4569,10.0,0.0,10.6405,REJECT
389,MM-0166,MACD,0.8,7,20,Trend,4.0,10.0,9,0,0.509,1.1857,-1.1443,1.2571,2.5602,1.4183,14.0,0.0,10.628,REJECT
390,MM-0168,MACD,0.8,7,30,Trend,4.0,10.0,9,0,0.509,1.1857,-1.1443,1.2571,2.5602,1.4183,14.0,0.0,10.628,REJECT
391,MM-0555,EMA200+MACD,0.8,14,20,Balanced,3.0,8.0,9,1,0.1664,0.7152,-0.55,1.054,1.9319,1.2158,6.0,11.11,10.5612,REJECT
392,MM-0076,EMA200,1.0,7,20,Trend,4.0,10.0,9,4,-0.023,1.272,-3.5782,1.6772,6.1515,1.0056,27.0,44.44,10.4975,REJECT
393,MM-0535,EMA200+RSI,1.2,14,10,Balanced,3.0,8.0,9,3,-0.0764,0.7439,-1.4086,1.4523,2.847,0.9487,18.0,33.33,10.4845,REJECT
394,MM-0263,ADX,1.2,10,30,Balanced,3.0,8.0,9,0,0.0872,0.5392,-1.7355,0.856,3.0522,1.6894,6.0,0.0,10.4739,REJECT
395,MM-0735,BXStyle+LinearRegression,1.0,14,20,Balanced,3.0,8.0,9,0,0.935,0.6985,-1.4571,1.3671,1.8154,1.3313,9.0,0.0,10.452,REJECT
396,MM-0100,EMA200,1.2,10,20,Trend,4.0,10.0,9,3,-0.205,1.5715,-2.4969,1.5403,2.9465,0.9624,23.0,33.33,10.4518,REJECT
397,MM-0703,BXStyle+LinearRegression,0.8,7,10,Balanced,3.0,8.0,9,0,0.6064,0.9707,-1.5289,0.8674,1.8332,1.3148,11.0,0.0,10.4292,REJECT
398,MM-0261,ADX,1.2,10,20,Balanced,3.0,8.0,9,0,0.0872,0.4713,-1.7355,0.856,3.0522,1.6894,6.0,0.0,10.372,REJECT
399,MM-0671,EMA200+BXStyle,1.0,7,30,Balanced,3.0,8.0,9,0,0.6836,0.7701,-0.6208,1.2959,1.9128,1.3151,14.0,0.0,10.3609,REJECT
400,MM-0710,BXStyle+LinearRegression,0.8,10,10,Trend,4.0,10.0,9,0,0.5501,1.1616,-1.0278,0.9954,1.8899,1.2717,10.0,0.0,10.3575,REJECT
401,MM-0730,BXStyle+LinearRegression,1.0,10,20,Trend,4.0,10.0,9,0,1.155,0.6167,-1.6651,1.2346,2.8831,1.3117,10.0,0.0,10.3414,REJECT
402,MM-0770,EMA200+RSI+MACD,0.8,14,10,Trend,4.0,10.0,9,0,0.3293,0.9484,-0.6998,1.0342,1.6652,1.3526,6.0,0.0,10.3225,REJECT
403,MM-0732,BXStyle+LinearRegression,1.0,10,30,Trend,4.0,10.0,9,0,1.155,0.5813,-1.6651,1.2346,2.8831,1.3117,10.0,0.0,10.2883,REJECT
404,MM-0712,BXStyle+LinearRegression,0.8,10,20,Trend,4.0,10.0,9,0,0.7218,1.1453,-1.2359,0.9954,1.9073,1.222,10.0,0.0,10.2857,REJECT
405,MM-0714,BXStyle+LinearRegression,0.8,10,30,Trend,4.0,10.0,9,0,0.7218,1.1261,-1.2359,0.9954,1.9073,1.222,10.0,0.0,10.2569,REJECT
406,MM-0328,LinearRegression,0.8,7,20,Trend,4.0,10.0,9,1,0.6554,1.0442,-1.736,1.9079,2.4831,1.2377,15.0,11.11,10.2509,REJECT
407,MM-0330,LinearRegression,0.8,7,30,Trend,4.0,10.0,9,1,0.6554,1.0442,-1.736,1.9079,2.4831,1.2377,15.0,11.11,10.2509,REJECT
408,MM-0725,BXStyle+LinearRegression,1.0,7,30,Balanced,3.0,8.0,9,0,0.9097,0.5489,-1.786,1.2355,2.0573,1.363,11.0,0.0,10.2351,REJECT
409,MM-0210,MACD,1.2,10,30,Trend,4.0,10.0,9,0,0.2904,1.545,-0.8189,1.142,1.9518,1.2933,10.0,0.0,10.2321,REJECT
410,MM-0314,RelativeVolume,1.2,10,10,Trend,4.0,10.0,9,1,0.3358,1.694,-1.0846,1.3149,3.759,1.1399,15.0,11.11,10.2245,REJECT
411,MM-0092,EMA200,1.2,7,10,Trend,4.0,10.0,9,3,-0.1251,1.4505,-2.0987,1.7252,3.7304,0.9726,22.0,33.33,10.2209,REJECT
412,MM-0192,MACD,1.0,10,30,Trend,4.0,10.0,9,0,0.7414,0.7547,-1.1336,1.3259,3.1701,1.4084,10.0,0.0,10.1993,REJECT
413,MM-0135,RSI,1.0,10,20,Balanced,3.0,8.0,9,4,-0.2406,0.6967,-2.0157,1.9553,4.0821,0.9311,24.0,44.44,10.1752,REJECT
414,MM-0508,EMA200+RSI,1.0,7,20,Trend,4.0,10.0,9,3,-0.141,1.1673,-2.1944,1.4064,3.5911,0.9634,21.0,33.33,10.1509,REJECT
415,MM-0106,EMA200,1.2,14,20,Trend,4.0,10.0,9,3,-0.2566,1.5813,-2.3231,1.7249,2.8803,0.9511,23.0,33.33,10.1077,REJECT
416,MM-0070,EMA200,0.8,14,20,Trend,4.0,10.0,9,4,0.1498,1.1996,-3.2484,2.5117,6.2327,1.0358,33.0,44.44,10.1039,REJECT
417,MM-0155,RSI,1.2,10,30,Balanced,3.0,8.0,9,3,-0.3139,0.8648,-0.7371,1.5874,2.957,0.9367,20.0,33.33,10.1034,REJECT
418,MM-0382,SmoothedHeikenAshi,0.8,7,20,Trend,4.0,10.0,9,2,0.2305,1.1598,-2.0548,1.5644,3.2774,1.0935,17.0,22.22,10.0973,REJECT
419,MM-0737,BXStyle+LinearRegression,1.0,14,30,Balanced,3.0,8.0,9,0,0.935,0.7077,-1.0553,1.514,1.8154,1.2747,9.0,0.0,10.0939,REJECT
420,MM-0095,EMA200,1.2,7,30,Balanced,3.0,8.0,9,4,-0.3738,0.8658,-2.1072,1.6266,3.726,0.8634,22.0,44.44,10.0901,REJECT
421,MM-0478,BXStyle,1.2,10,20,Trend,4.0,10.0,9,0,0.5406,1.5112,-0.8781,1.3641,3.0079,1.2995,15.0,0.0,10.076,REJECT
422,MM-0072,EMA200,0.8,14,30,Trend,4.0,10.0,9,4,0.1498,1.1713,-3.2484,2.5117,6.2327,1.0358,33.0,44.44,10.0615,REJECT
423,MM-0520,EMA200+RSI,1.0,14,20,Trend,4.0,10.0,9,3,-0.0656,1.0342,-2.0637,1.6228,3.8445,0.9906,21.0,33.33,10.0418,REJECT
424,MM-0187,MACD,1.0,10,10,Balanced,3.0,8.0,9,0,0.4364,0.5273,-0.7796,1.2074,2.5843,1.4416,10.0,0.0,9.945,REJECT
425,MM-0301,RelativeVolume,1.0,14,10,Balanced,3.0,8.0,9,2,0.4394,0.8815,-2.4585,1.5496,4.0386,1.1304,19.0,22.22,9.9406,REJECT
426,MM-0145,RSI,1.2,7,10,Balanced,3.0,8.0,9,2,0.1097,0.9945,-0.8083,1.5391,3.284,1.0252,20.0,22.22,9.91,REJECT
427,MM-0645,RSI+MACD,1.2,14,20,Balanced,3.0,8.0,9,0,0.2007,0.6662,-0.9647,1.1755,1.9605,1.4699,6.0,0.0,9.8936,REJECT
428,MM-0513,EMA200+RSI,1.0,10,20,Balanced,3.0,8.0,9,3,-0.2406,0.9563,-1.8723,1.4523,3.1114,0.9561,20.0,33.33,9.8898,REJECT
429,MM-0359,LinearRegression,1.0,14,30,Balanced,3.0,8.0,9,0,0.7043,0.9994,-1.128,1.514,2.194,1.3112,13.0,0.0,9.8876,REJECT
430,MM-0711,BXStyle+LinearRegression,0.8,10,20,Balanced,3.0,8.0,9,0,0.5934,1.0644,-1.2359,0.8934,1.7471,1.205,10.0,0.0,9.8762,REJECT
431,MM-0713,BXStyle+LinearRegression,0.8,10,30,Balanced,3.0,8.0,9,0,0.5934,1.0451,-1.2359,0.8934,1.7471,1.205,10.0,0.0,9.8473,REJECT
432,MM-0647,RSI+MACD,1.2,14,30,Balanced,3.0,8.0,9,0,0.2007,0.6308,-0.9647,1.1755,1.9605,1.4699,6.0,0.0,9.8405,REJECT
433,MM-0156,RSI,1.2,10,30,Trend,4.0,10.0,9,3,0.0078,0.9893,-2.904,1.4168,4.1761,1.0063,20.0,33.33,9.8331,REJECT
434,MM-0631,RSI+MACD,1.2,7,10,Balanced,3.0,8.0,9,0,0.3814,0.6088,-0.6932,0.9941,1.9605,1.3418,6.0,0.0,9.8005,REJECT
435,MM-0102,EMA200,1.2,10,30,Trend,4.0,10.0,9,3,-0.2089,1.4532,-2.0994,1.5403,3.6194,0.9085,23.0,33.33,9.7931,REJECT
436,MM-0137,RSI,1.0,10,30,Balanced,3.0,8.0,9,4,-0.296,0.6474,-2.0157,1.9553,4.0821,0.9124,24.0,44.44,9.7854,REJECT
437,MM-0381,SmoothedHeikenAshi,0.8,7,20,Balanced,3.0,8.0,9,2,0.0169,1.0524,-1.1061,1.483,2.7491,1.0151,17.0,22.22,9.7659,REJECT
438,MM-0514,EMA200+RSI,1.0,10,20,Trend,4.0,10.0,9,3,-0.141,1.0,-2.1944,1.4259,3.8445,0.9634,20.0,33.33,9.744,REJECT
439,MM-0153,RSI,1.2,10,20,Balanced,3.0,8.0,9,3,-0.3729,0.8396,-0.9387,1.5874,2.957,0.9367,20.0,33.33,9.7373,REJECT
440,MM-0207,MACD,1.2,10,20,Balanced,3.0,8.0,9,0,0.334,1.0893,-0.725,1.0189,1.898,1.2647,10.0,0.0,9.7325,REJECT
441,MM-0262,ADX,1.2,10,20,Trend,4.0,10.0,9,0,0.0872,0.9175,-0.4828,1.0053,2.4527,1.3983,6.0,0.0,9.7278,REJECT
442,MM-0093,EMA200,1.2,7,20,Balanced,3.0,8.0,9,4,-0.3738,0.7879,-2.5048,1.6266,3.726,0.8634,22.0,44.44,9.6751,REJECT
443,MM-0302,RelativeVolume,1.0,14,10,Trend,4.0,10.0,9,2,0.6313,0.9076,-3.3718,1.5496,5.2181,1.1785,19.0,22.22,9.6654,REJECT
444,MM-0349,LinearRegression,1.0,10,10,Balanced,3.0,8.0,9,0,0.8451,0.8585,-1.6514,1.4523,2.194,1.2932,13.0,0.0,9.6546,REJECT
445,MM-0515,EMA200+RSI,1.0,10,30,Balanced,3.0,8.0,9,3,-0.296,0.9072,-1.8723,1.4523,3.1114,0.9561,20.0,33.33,9.6498,REJECT
446,MM-0320,RelativeVolume,1.2,14,10,Trend,4.0,10.0,9,1,0.314,1.7074,-1.3889,1.3149,3.759,1.0957,15.0,11.11,9.5974,REJECT
447,MM-0463,BXStyle,1.0,14,10,Balanced,3.0,8.0,9,0,0.4904,0.8314,-0.2184,1.5462,2.3001,1.3132,14.0,0.0,9.5907,REJECT
448,MM-0322,RelativeVolume,1.2,14,20,Trend,4.0,10.0,9,0,0.557,1.6965,-1.0797,1.639,4.19,1.3416,15.0,0.0,9.5852,REJECT
449,MM-0549,EMA200+MACD,0.8,10,20,Balanced,3.0,8.0,9,1,0.1664,0.3995,-1.1456,1.0574,2.0573,1.2158,7.0,11.11,9.5731,REJECT
450,MM-0589,EMA200+MACD,1.2,14,10,Balanced,3.0,8.0,9,0,0.3474,0.4235,-0.7025,0.8328,1.9723,1.3316,4.0,0.0,9.5681,REJECT
451,MM-0212,MACD,1.2,14,10,Trend,4.0,10.0,9,0,0.1879,1.5081,-1.0255,0.9595,1.8625,1.235,9.0,0.0,9.5662,REJECT
452,MM-0165,MACD,0.8,7,20,Balanced,3.0,8.0,9,0,0.3631,1.0379,-1.1443,1.2571,2.1563,1.3422,14.0,0.0,9.5617,REJECT
453,MM-0167,MACD,0.8,7,30,Balanced,3.0,8.0,9,0,0.3631,1.0379,-1.1443,1.2571,2.1563,1.3422,14.0,0.0,9.5617,REJECT
454,MM-0704,BXStyle+LinearRegression,0.8,7,10,Trend,4.0,10.0,9,0,0.5316,0.9757,-1.5289,0.9954,2.0707,1.272,11.0,0.0,9.5593,REJECT
455,MM-0295,RelativeVolume,1.0,10,10,Balanced,3.0,8.0,9,2,0.3305,1.1432,-2.7353,1.5496,4.0386,1.1004,21.0,22.22,9.5587,REJECT
456,MM-0211,MACD,1.2,14,10,Balanced,3.0,8.0,9,0,0.279,1.1088,-0.4021,0.9941,1.8224,1.2157,9.0,0.0,9.5218,REJECT
457,MM-0188,MACD,1.0,10,10,Trend,4.0,10.0,9,0,0.3515,0.6251,-1.1355,1.1294,3.1701,1.4569,10.0,0.0,9.5166,REJECT
458,MM-0062,EMA200,0.8,10,10,Trend,4.0,10.0,9,4,-0.024,0.9673,-3.483,1.9741,6.501,1.0037,32.0,44.44,9.4736,REJECT
459,MM-0316,RelativeVolume,1.2,10,20,Trend,4.0,10.0,9,0,0.557,1.6054,-1.0797,1.639,4.19,1.3416,15.0,0.0,9.4487,REJECT
460,MM-0481,BXStyle,1.2,14,10,Balanced,3.0,8.0,9,0,0.9348,0.924,-1.1505,1.8607,2.1858,1.2482,14.0,0.0,9.4291,REJECT
461,MM-0384,SmoothedHeikenAshi,0.8,7,30,Trend,4.0,10.0,9,2,0.1797,1.1293,-2.0548,1.5644,3.2774,1.0341,17.0,22.22,9.4239,REJECT
462,MM-0289,RelativeVolume,1.0,7,10,Balanced,3.0,8.0,9,1,0.6553,1.202,-2.4834,1.5496,4.2616,1.2171,19.0,11.11,9.4102,REJECT
463,MM-0064,EMA200,0.8,10,20,Trend,4.0,10.0,9,4,0.2219,0.9035,-3.483,2.6942,6.501,1.0497,32.0,44.44,9.4034,REJECT
464,MM-0679,EMA200+BXStyle,1.0,14,10,Balanced,3.0,8.0,9,0,0.5159,0.7895,-0.2416,1.4093,2.0909,1.2473,13.0,0.0,9.3697,REJECT
465,MM-0066,EMA200,0.8,10,30,Trend,4.0,10.0,9,4,0.2219,0.8751,-3.483,2.6942,6.501,1.0497,32.0,44.44,9.3608,REJECT
466,MM-0648,RSI+MACD,1.2,14,30,Trend,4.0,10.0,9,0,0.1461,1.0335,-1.0902,1.0893,1.9266,1.3448,6.0,0.0,9.332,REJECT
467,MM-0591,EMA200+MACD,1.2,14,20,Balanced,3.0,8.0,9,0,0.3474,0.5672,-0.9647,1.004,1.9723,1.3316,4.0,0.0,9.3301,REJECT
468,MM-0290,RelativeVolume,1.0,7,10,Trend,4.0,10.0,9,1,0.8317,1.2504,-3.7343,1.5496,5.162,1.3027,19.0,11.11,9.3084,REJECT
469,MM-0203,MACD,1.2,7,30,Balanced,3.0,8.0,9,0,0.6075,0.9393,-1.1056,1.0712,2.3442,1.2089,9.0,0.0,9.2945,REJECT
470,MM-0231,ADX,0.8,14,20,Balanced,3.0,8.0,9,0,0.3504,1.0245,-0.962,1.0315,2.4793,1.2755,8.0,0.0,9.2836,REJECT
471,MM-0233,ADX,0.8,14,30,Balanced,3.0,8.0,9,0,0.3504,1.0245,-0.962,1.0315,2.4793,1.2755,8.0,0.0,9.2836,REJECT
472,MM-0593,EMA200+MACD,1.2,14,30,Balanced,3.0,8.0,9,0,0.3474,0.532,-0.9647,1.004,1.9723,1.3316,4.0,0.0,9.2773,REJECT
473,MM-0296,RelativeVolume,1.0,10,10,Trend,4.0,10.0,9,2,0.5223,1.231,-3.7912,1.5496,5.2181,1.1493,21.0,22.22,9.2754,REJECT
474,MM-0182,MACD,1.0,7,10,Trend,4.0,10.0,9,0,0.4469,0.6689,-1.1355,1.0593,2.9149,1.3508,10.0,0.0,9.2524,REJECT
475,MM-0807,EMA200+RSI+MACD,1.2,14,20,Balanced,3.0,8.0,9,0,0.3474,0.4962,-0.9647,0.9932,1.9723,1.3316,4.0,0.0,9.2398,REJECT
476,MM-0803,EMA200+RSI+MACD,1.2,10,30,Balanced,3.0,8.0,9,0,0.3474,0.4633,-0.9266,0.9932,1.9723,1.3316,5.0,0.0,9.2191,REJECT
477,MM-0801,EMA200+RSI+MACD,1.2,10,20,Balanced,3.0,8.0,9,0,0.3474,0.4536,-0.9266,0.9932,1.9723,1.3316,5.0,0.0,9.2044,REJECT
478,MM-0809,EMA200+RSI+MACD,1.2,14,30,Balanced,3.0,8.0,9,0,0.3474,0.4608,-0.9647,0.9932,1.9723,1.3316,4.0,0.0,9.1867,REJECT
479,MM-0675,EMA200+BXStyle,1.0,10,20,Balanced,3.0,8.0,9,0,0.5268,0.7523,-0.5924,1.4093,1.9128,1.2473,14.0,0.0,9.1726,REJECT
480,MM-0201,MACD,1.2,7,20,Balanced,3.0,8.0,9,0,0.5105,0.9288,-0.8785,1.0712,2.3442,1.2089,9.0,0.0,9.1581,REJECT
481,MM-0680,EMA200+BXStyle,1.0,14,10,Trend,4.0,10.0,9,0,0.4167,0.8579,-0.2416,1.5931,2.3185,1.2895,13.0,0.0,9.1229,REJECT
482,MM-0706,BXStyle+LinearRegression,0.8,7,20,Trend,4.0,10.0,9,0,0.7033,0.7316,-1.736,0.9954,2.0707,1.2153,11.0,0.0,9.0993,REJECT
483,MM-0708,BXStyle+LinearRegression,0.8,7,30,Trend,4.0,10.0,9,0,0.7033,0.7316,-1.736,0.9954,2.0707,1.2153,11.0,0.0,9.0993,REJECT
484,MM-0457,BXStyle,1.0,10,10,Balanced,3.0,8.0,9,0,0.4775,0.8322,-0.2184,1.4523,2.8272,1.2695,15.0,0.0,9.081,REJECT
485,MM-0482,BXStyle,1.2,14,10,Trend,4.0,10.0,9,0,0.5562,1.1324,-1.0944,1.5274,2.6272,1.261,14.0,0.0,9.0297,REJECT
486,MM-0683,EMA200+BXStyle,1.0,14,30,Balanced,3.0,8.0,9,0,0.6591,0.6906,-0.9222,1.4093,2.3887,1.2473,13.0,0.0,8.9917,REJECT
487,MM-0383,SmoothedHeikenAshi,0.8,7,30,Balanced,3.0,8.0,9,2,-0.1426,1.022,-1.1061,1.483,2.7491,0.9777,17.0,22.22,8.9426,REJECT
488,MM-0458,BXStyle,1.0,10,10,Trend,4.0,10.0,9,0,0.559,0.894,-0.4488,1.1522,3.4095,1.2114,15.0,0.0,8.9396,REJECT
489,MM-0677,EMA200+BXStyle,1.0,10,30,Balanced,3.0,8.0,9,0,0.5248,0.7032,-0.8647,1.4093,1.9128,1.2473,14.0,0.0,8.8888,REJECT
490,MM-0197,MACD,1.0,14,30,Balanced,3.0,8.0,9,0,0.5372,0.7147,-1.1336,1.3259,2.5843,1.2831,9.0,0.0,8.8173,REJECT
491,MM-0183,MACD,1.0,7,20,Balanced,3.0,8.0,9,0,0.5524,0.5988,-1.0935,1.3086,2.3276,1.2756,10.0,0.0,8.8133,REJECT
492,MM-0691,EMA200+BXStyle,1.2,10,10,Balanced,3.0,8.0,9,0,0.6522,0.8102,-1.2325,1.3718,2.4166,1.2282,12.0,0.0,8.8071,REJECT
493,MM-0681,EMA200+BXStyle,1.0,14,20,Balanced,3.0,8.0,9,0,0.6591,0.6645,-1.3245,1.4093,2.0776,1.2473,13.0,0.0,8.8063,REJECT
494,MM-0232,ADX,0.8,14,20,Trend,4.0,10.0,9,0,0.3448,1.2566,-0.962,1.0315,3.2118,1.2198,8.0,0.0,8.8031,REJECT
495,MM-0234,ADX,0.8,14,30,Trend,4.0,10.0,9,0,0.3448,1.2566,-0.962,1.0315,3.2118,1.2198,8.0,0.0,8.8031,REJECT
496,MM-0195,MACD,1.0,14,20,Balanced,3.0,8.0,9,0,0.5372,0.7045,-1.1336,1.3259,2.5843,1.2831,9.0,0.0,8.8019,REJECT
497,MM-0471,BXStyle,1.2,7,20,Balanced,3.0,8.0,9,0,0.6817,0.6937,-0.9698,1.8972,2.4853,1.3159,14.0,0.0,8.7971,REJECT
498,MM-0189,MACD,1.0,10,20,Balanced,3.0,8.0,9,0,0.4514,0.5346,-1.1336,1.3259,2.5843,1.346,10.0,0.0,8.7929,REJECT
499,MM-0670,EMA200+BXStyle,1.0,7,20,Trend,4.0,10.0,9,0,0.4253,0.9714,-0.2399,1.572,1.8449,1.1899,14.0,0.0,8.7918,REJECT
500,MM-0583,EMA200+MACD,1.2,10,10,Balanced,3.0,8.0,9,0,0.3474,0.295,-0.7366,0.8328,1.9723,1.2609,6.0,0.0,8.7841,REJECT
501,MM-0268,ADX,1.2,14,20,Trend,4.0,10.0,9,0,0.0872,0.7385,-1.0462,1.0053,3.0001,1.3983,6.0,0.0,8.7632,REJECT
502,MM-0094,EMA200,1.2,7,20,Trend,4.0,10.0,9,3,-0.3738,1.4065,-2.4955,1.7252,3.3656,0.9042,22.0,33.33,8.7464,REJECT
503,MM-0108,EMA200,1.2,14,30,Trend,4.0,10.0,9,3,-0.2931,1.3515,-2.3231,1.8197,3.6692,0.9042,23.0,33.33,8.7417,REJECT
504,MM-0705,BXStyle+LinearRegression,0.8,7,20,Balanced,3.0,8.0,9,0,0.5934,0.6929,-1.736,0.952,2.0396,1.205,11.0,0.0,8.7098,REJECT
505,MM-0707,BXStyle+LinearRegression,0.8,7,30,Balanced,3.0,8.0,9,0,0.5934,0.6929,-1.736,0.952,2.0396,1.205,11.0,0.0,8.7098,REJECT
506,MM-0795,EMA200+RSI+MACD,1.2,7,20,Balanced,3.0,8.0,9,0,0.2572,0.4182,-0.5528,0.7571,1.9723,1.227,5.0,0.0,8.6785,REJECT
507,MM-0764,EMA200+RSI+MACD,0.8,10,10,Trend,4.0,10.0,9,1,0.1833,0.4805,-1.4432,1.0393,2.3522,1.1207,7.0,11.11,8.6411,REJECT
508,MM-0587,EMA200+MACD,1.2,10,30,Balanced,3.0,8.0,9,0,0.3474,0.4331,-0.9266,0.9941,1.9723,1.2609,6.0,0.0,8.6068,REJECT
509,MM-0524,EMA200+RSI,1.2,7,10,Trend,4.0,10.0,9,2,-0.2296,1.1307,-1.3331,1.4864,2.6761,0.9626,18.0,22.22,8.5851,REJECT
510,MM-0585,EMA200+MACD,1.2,10,20,Balanced,3.0,8.0,9,0,0.3474,0.4233,-0.9266,1.004,1.9723,1.2609,6.0,0.0,8.5773,REJECT
511,MM-0797,EMA200+RSI+MACD,1.2,7,30,Balanced,3.0,8.0,9,0,0.2572,0.4281,-0.6264,0.8029,1.9723,1.227,5.0,0.0,8.5695,REJECT
512,MM-0548,EMA200+MACD,0.8,10,10,Trend,4.0,10.0,9,1,0.1833,0.4029,-1.4432,1.0393,2.3522,1.1207,7.0,11.11,8.5246,REJECT
513,MM-0686,EMA200+BXStyle,1.2,7,10,Trend,4.0,10.0,9,0,0.3987,0.8369,-1.1475,1.206,2.1663,1.2225,13.0,0.0,8.4786,REJECT
514,MM-0308,RelativeVolume,1.2,7,10,Trend,4.0,10.0,9,1,0.2621,1.3061,-1.5071,1.4274,3.6816,1.0758,15.0,11.11,8.4618,REJECT
515,MM-0185,MACD,1.0,7,30,Balanced,3.0,8.0,9,0,0.4514,0.5633,-1.0935,1.3086,2.3276,1.2756,10.0,0.0,8.4571,REJECT
516,MM-0397,SmoothedHeikenAshi,1.0,7,10,Balanced,3.0,8.0,9,1,0.3709,0.4925,-1.4843,1.4523,2.502,1.1151,14.0,11.11,8.4517,REJECT
517,MM-0729,BXStyle+LinearRegression,1.0,10,20,Balanced,3.0,8.0,9,0,0.7525,0.4411,-1.7912,1.3853,2.5972,1.2747,10.0,0.0,8.3969,REJECT
518,MM-0777,EMA200+RSI+MACD,1.0,7,20,Balanced,3.0,8.0,9,0,0.5721,0.1142,-1.0733,0.7921,1.9723,1.1815,5.0,0.0,8.3604,REJECT
519,MM-0557,EMA200+MACD,0.8,14,30,Balanced,3.0,8.0,9,1,-0.0047,0.6962,-0.55,1.054,1.9319,1.0071,6.0,11.11,8.3498,REJECT
520,MM-0685,EMA200+BXStyle,1.2,7,10,Balanced,3.0,8.0,9,0,0.6522,0.5328,-1.2035,1.4166,2.4166,1.2282,13.0,0.0,8.3455,REJECT
521,MM-0455,BXStyle,1.0,7,30,Balanced,3.0,8.0,9,0,0.7701,0.6178,-1.0901,1.5649,2.7436,1.2046,15.0,0.0,8.337,REJECT
522,MM-0403,SmoothedHeikenAshi,1.0,10,10,Balanced,3.0,8.0,9,1,0.3709,0.461,-1.5236,1.4523,2.6373,1.1151,14.0,11.11,8.3075,REJECT
523,MM-0427,SmoothedHeikenAshi,1.2,14,10,Balanced,3.0,8.0,9,0,0.7001,0.4984,-1.0391,1.8607,2.0664,1.2557,13.0,0.0,8.2899,REJECT
524,MM-0410,SmoothedHeikenAshi,1.0,14,10,Trend,4.0,10.0,9,1,0.7518,0.4403,-3.1255,1.6659,3.9447,1.2453,14.0,11.11,8.2852,REJECT
525,MM-0307,RelativeVolume,1.2,7,10,Balanced,3.0,8.0,9,1,0.3294,0.8612,-1.6912,2.0114,3.0085,1.1917,15.0,11.11,8.246,REJECT
526,MM-0096,EMA200,1.2,7,30,Trend,4.0,10.0,9,3,-0.4327,1.2886,-2.098,1.7252,4.0101,0.8868,22.0,33.33,8.2295,REJECT
527,MM-0694,EMA200+BXStyle,1.2,10,20,Trend,4.0,10.0,9,0,0.3729,1.2695,-1.9852,1.3641,2.314,1.2331,12.0,0.0,8.1958,REJECT
528,MM-0323,RelativeVolume,1.2,14,30,Balanced,3.0,8.0,9,0,0.4111,1.161,-1.4152,1.4906,3.5193,1.28,15.0,0.0,8.1578,REJECT
529,MM-0698,EMA200+BXStyle,1.2,14,10,Trend,4.0,10.0,9,0,0.2768,1.0205,-1.0944,1.3719,2.0105,1.2087,12.0,0.0,8.1469,REJECT
530,MM-0579,EMA200+MACD,1.2,7,20,Balanced,3.0,8.0,9,0,0.2572,0.4102,-0.7904,0.9941,1.9723,1.227,5.0,0.0,8.1328,REJECT
531,MM-0305,RelativeVolume,1.0,14,30,Balanced,3.0,8.0,9,2,0.19,0.6985,-2.4585,1.5496,4.5261,1.0611,19.0,22.22,8.1197,REJECT
532,MM-0453,BXStyle,1.0,7,20,Balanced,3.0,8.0,9,0,0.7377,0.6672,-1.0901,1.5644,2.7436,1.1795,15.0,0.0,8.1139,REJECT
533,MM-0731,BXStyle+LinearRegression,1.0,10,30,Balanced,3.0,8.0,9,0,0.7077,0.4056,-1.7912,1.4523,2.5972,1.2747,10.0,0.0,8.1086,REJECT
534,MM-0321,RelativeVolume,1.2,14,20,Balanced,3.0,8.0,9,0,0.4111,1.1218,-1.4152,1.4906,3.5193,1.28,15.0,0.0,8.099,REJECT
535,MM-0191,MACD,1.0,10,30,Balanced,3.0,8.0,9,0,0.4514,0.4992,-1.1336,1.3259,2.5843,1.2643,10.0,0.0,8.0862,REJECT
536,MM-0058,EMA200,0.8,7,20,Trend,4.0,10.0,9,4,-0.0257,0.7013,-3.814,2.4712,6.501,1.0032,33.0,44.44,8.0715,REJECT
537,MM-0060,EMA200,0.8,7,30,Trend,4.0,10.0,9,4,-0.0257,0.6715,-3.814,2.4712,6.501,1.0032,33.0,44.44,8.0269,REJECT
538,MM-0421,SmoothedHeikenAshi,1.2,10,10,Balanced,3.0,8.0,9,0,0.4831,0.3905,-1.5397,1.4954,2.3341,1.3163,13.0,0.0,8.0005,REJECT
539,MM-0264,ADX,1.2,10,30,Trend,4.0,10.0,9,0,0.0872,0.8347,-0.3816,1.0053,2.4527,1.1857,6.0,0.0,7.9788,REJECT
540,MM-0317,RelativeVolume,1.2,10,30,Balanced,3.0,8.0,9,0,0.4111,1.1188,-1.26,1.6494,3.5193,1.28,15.0,0.0,7.9727,REJECT
541,MM-0510,EMA200+RSI,1.0,7,30,Trend,4.0,10.0,9,3,-0.4022,0.9902,-2.1944,1.4259,3.5911,0.8215,21.0,33.33,7.9372,REJECT
542,MM-0581,EMA200+MACD,1.2,7,30,Balanced,3.0,8.0,9,0,0.2572,0.4202,-1.1056,0.9941,1.9723,1.227,5.0,0.0,7.9114,REJECT
543,MM-0788,EMA200+RSI+MACD,1.0,14,10,Trend,4.0,10.0,9,0,0.1442,0.2062,-1.2224,0.9101,2.0444,1.3087,5.0,0.0,7.9074,REJECT
544,MM-0056,EMA200,0.8,7,10,Trend,4.0,10.0,9,4,-0.2709,0.9678,-3.814,2.1253,6.501,0.9594,33.0,44.44,7.9041,REJECT
545,MM-0577,EMA200+MACD,1.2,7,10,Balanced,3.0,8.0,9,0,0.2572,0.2749,-0.8538,0.9941,1.9723,1.227,5.0,0.0,7.8822,REJECT
546,MM-0399,SmoothedHeikenAshi,1.0,7,20,Balanced,3.0,8.0,9,1,0.3014,0.4039,-1.0901,1.5649,2.502,1.0688,14.0,11.11,7.8667,REJECT
547,MM-0697,EMA200+BXStyle,1.2,14,10,Balanced,3.0,8.0,9,0,0.6011,0.7817,-1.1505,1.6907,2.4166,1.1863,12.0,0.0,7.8591,REJECT
548,MM-0804,EMA200+RSI+MACD,1.2,10,30,Trend,4.0,10.0,9,0,0.0485,0.9716,-0.7549,0.8324,1.5656,1.1063,5.0,0.0,7.8557,REJECT
549,MM-0676,EMA200+BXStyle,1.0,10,20,Trend,4.0,10.0,9,0,0.3852,0.9037,-0.5469,1.5931,1.8544,1.1332,14.0,0.0,7.8497,REJECT
550,MM-0315,RelativeVolume,1.2,10,20,Balanced,3.0,8.0,9,0,0.4111,1.0349,-1.26,1.6494,3.5193,1.28,15.0,0.0,7.8468,REJECT
551,MM-0352,LinearRegression,1.0,10,20,Trend,4.0,10.0,9,0,0.7372,0.7943,-1.7373,1.4661,2.9382,1.1728,13.0,0.0,7.8142,REJECT
552,MM-0130,RSI,1.0,7,20,Trend,4.0,10.0,9,3,-0.1415,0.7896,-3.2347,1.4259,5.5501,0.9634,24.0,33.33,7.7939,REJECT
553,MM-0695,EMA200+BXStyle,1.2,10,30,Balanced,3.0,8.0,9,0,0.4525,0.7944,-1.4929,1.4523,2.4166,1.2169,12.0,0.0,7.7779,REJECT
554,MM-0798,EMA200+RSI+MACD,1.2,7,30,Trend,4.0,10.0,9,0,0.0485,0.9121,-0.655,0.8996,1.6141,1.1063,5.0,0.0,7.7164,REJECT
555,MM-0532,EMA200+RSI,1.2,10,20,Trend,4.0,10.0,9,2,-0.257,1.0379,-1.8834,1.4168,2.6716,0.9113,18.0,22.22,7.6471,REJECT
556,MM-0404,SmoothedHeikenAshi,1.0,10,10,Trend,4.0,10.0,9,1,0.5131,0.4216,-2.8693,1.202,3.6907,1.1284,14.0,11.11,7.6208,REJECT
557,MM-0247,ADX,1.0,14,10,Balanced,3.0,8.0,9,0,0.1281,0.5016,-1.0378,1.0844,2.7583,1.2809,6.0,0.0,7.5999,REJECT
558,MM-0765,EMA200+RSI+MACD,0.8,10,20,Balanced,3.0,8.0,9,1,0.0064,0.4426,-1.1456,1.0574,2.0573,1.0188,7.0,11.11,7.5818,REJECT
559,MM-0787,EMA200+RSI+MACD,1.0,14,10,Balanced,3.0,8.0,9,0,0.1442,0.16,-1.0733,0.8506,1.9723,1.2459,5.0,0.0,7.5728,REJECT
560,MM-0693,EMA200+BXStyle,1.2,10,20,Balanced,3.0,8.0,9,0,0.4986,0.769,-1.8929,1.4489,2.4166,1.2154,12.0,0.0,7.5712,REJECT
561,MM-0523,EMA200+RSI,1.2,7,10,Balanced,3.0,8.0,9,2,-0.2416,0.7804,-1.3424,1.5391,2.847,0.9262,18.0,22.22,7.5609,REJECT
562,MM-0306,RelativeVolume,1.0,14,30,Trend,4.0,10.0,9,2,0.3815,0.6221,-2.8821,2.0182,5.3939,1.1107,19.0,22.22,7.5219,REJECT
563,MM-0259,ADX,1.2,10,10,Balanced,3.0,8.0,9,0,0.2462,0.4271,-1.7355,0.856,3.0522,1.2809,6.0,0.0,7.5147,REJECT
564,MM-0411,SmoothedHeikenAshi,1.0,14,20,Balanced,3.0,8.0,9,1,0.2964,0.448,-1.5505,1.7039,2.6373,1.0952,14.0,11.11,7.5076,REJECT
565,MM-0241,ADX,1.0,10,10,Balanced,3.0,8.0,9,0,0.1281,0.556,-1.3186,1.0669,2.7583,1.2809,6.0,0.0,7.497,REJECT
566,MM-0428,SmoothedHeikenAshi,1.2,14,10,Trend,4.0,10.0,9,0,0.4351,0.632,-2.6015,1.5274,3.4252,1.3991,13.0,0.0,7.4912,REJECT
567,MM-0136,RSI,1.0,10,20,Trend,4.0,10.0,9,3,-0.1814,0.7,-2.7665,1.9509,4.8212,0.9634,24.0,33.33,7.4679,REJECT
568,MM-0200,MACD,1.2,7,10,Trend,4.0,10.0,9,0,0.1894,1.1813,-1.6715,1.2054,2.503,1.1761,9.0,0.0,7.4357,REJECT
569,MM-0413,SmoothedHeikenAshi,1.0,14,30,Balanced,3.0,8.0,9,1,0.3139,0.4746,-1.8633,1.7039,2.6373,1.1033,14.0,11.11,7.4303,REJECT
570,MM-0464,BXStyle,1.0,14,10,Trend,4.0,10.0,9,0,0.4167,0.8527,-0.7114,1.6659,2.7336,1.1583,14.0,0.0,7.3964,REJECT
571,MM-0779,EMA200+RSI+MACD,1.0,7,30,Balanced,3.0,8.0,9,0,0.2618,0.0787,-1.0733,0.7921,1.9723,1.1815,5.0,0.0,7.3762,REJECT
572,MM-0551,EMA200+MACD,0.8,10,30,Balanced,3.0,8.0,9,1,-0.0047,0.3805,-1.1456,1.0574,2.0573,1.0071,7.0,11.11,7.3617,REJECT
573,MM-0163,MACD,0.8,7,10,Balanced,3.0,8.0,9,0,0.1145,1.1103,-1.0432,1.1562,2.1563,1.1155,14.0,0.0,7.338,REJECT
574,MM-0775,EMA200+RSI+MACD,1.0,7,10,Balanced,3.0,8.0,9,0,0.1944,0.141,-1.0733,0.7745,1.9723,1.1815,5.0,0.0,7.2938,REJECT
575,MM-0687,EMA200+BXStyle,1.2,7,20,Balanced,3.0,8.0,9,0,0.5284,0.5102,-1.7444,1.5189,2.4166,1.2154,13.0,0.0,7.2787,REJECT
576,MM-0522,EMA200+RSI,1.0,14,30,Trend,4.0,10.0,9,3,-0.4656,0.9327,-2.0637,1.801,3.8445,0.8463,21.0,33.33,7.2678,REJECT
577,MM-0235,ADX,1.0,7,10,Balanced,3.0,8.0,9,0,0.0896,0.5668,-1.4174,1.0844,2.8556,1.2809,6.0,0.0,7.2488,REJECT
578,MM-0625,RSI+MACD,1.0,14,10,Balanced,3.0,8.0,9,0,0.1599,0.1882,-0.2127,0.9964,2.8594,1.1962,8.0,0.0,7.2478,REJECT
579,MM-0400,SmoothedHeikenAshi,1.0,7,20,Trend,4.0,10.0,9,1,0.4736,0.4883,-2.3977,1.572,3.3631,1.0863,14.0,11.11,7.2281,REJECT
580,MM-0626,RSI+MACD,1.0,14,10,Trend,4.0,10.0,9,0,0.1599,0.2044,-0.8141,0.9101,3.1102,1.2424,8.0,0.0,7.1946,REJECT
581,MM-0354,LinearRegression,1.0,10,30,Trend,4.0,10.0,9,0,0.6066,0.7587,-1.7373,1.6017,2.9382,1.1728,13.0,0.0,7.1657,REJECT
582,MM-0480,BXStyle,1.2,10,30,Trend,4.0,10.0,9,0,0.5406,1.3085,-2.0029,1.4218,3.429,1.1159,15.0,0.0,7.1623,REJECT
583,MM-0256,ADX,1.2,7,20,Trend,4.0,10.0,9,0,0.1791,0.8574,-0.7234,1.0642,2.1625,1.0675,6.0,0.0,7.1434,REJECT
584,MM-0689,EMA200+BXStyle,1.2,7,30,Balanced,3.0,8.0,9,0,0.4163,0.5358,-1.3438,1.6257,2.4166,1.2154,13.0,0.0,7.1211,REJECT
585,MM-0401,SmoothedHeikenAshi,1.0,7,30,Balanced,3.0,8.0,9,1,0.1154,0.3545,-1.1912,1.5649,2.502,1.0615,14.0,11.11,7.1004,REJECT
586,MM-0398,SmoothedHeikenAshi,1.0,7,10,Trend,4.0,10.0,9,1,0.4736,0.4589,-2.8305,1.3263,3.6522,1.0863,14.0,11.11,7.0833,REJECT
587,MM-0516,EMA200+RSI,1.0,10,30,Trend,4.0,10.0,9,3,-0.4656,0.8233,-2.1944,1.5018,3.8445,0.7986,20.0,33.33,7.0728,REJECT
588,MM-0265,ADX,1.2,14,10,Balanced,3.0,8.0,9,0,0.2462,0.4238,-2.1394,0.856,3.4508,1.2809,6.0,0.0,7.0075,REJECT
589,MM-0473,BXStyle,1.2,7,30,Balanced,3.0,8.0,9,0,0.3618,0.7197,-0.9698,1.8972,2.4853,1.2065,14.0,0.0,7.0012,REJECT
590,MM-0467,BXStyle,1.0,14,30,Balanced,3.0,8.0,9,0,0.4775,0.6471,-0.9222,1.7039,2.305,1.1158,14.0,0.0,6.9296,REJECT
591,MM-0789,EMA200+RSI+MACD,1.0,14,20,Balanced,3.0,8.0,9,0,0.1264,0.1547,-1.0733,0.8682,1.9723,1.1748,5.0,0.0,6.9162,REJECT
592,MM-0609,RSI+MACD,0.8,14,20,Balanced,3.0,8.0,9,0,0.0066,1.0972,-0.4992,1.054,1.9319,1.0188,11.0,0.0,6.8947,REJECT
593,MM-0260,ADX,1.2,10,10,Trend,4.0,10.0,9,0,0.1083,0.7951,-1.0419,0.8963,2.6912,1.1053,6.0,0.0,6.8885,REJECT
594,MM-0270,ADX,1.2,14,30,Trend,4.0,10.0,9,0,0.0872,0.6107,-1.0462,1.0053,3.0001,1.1857,6.0,0.0,6.8706,REJECT
595,MM-0611,RSI+MACD,0.8,14,30,Balanced,3.0,8.0,9,0,0.0066,1.0783,-0.4992,1.054,1.9319,1.0095,11.0,0.0,6.7918,REJECT
596,MM-0318,RelativeVolume,1.2,10,30,Trend,4.0,10.0,9,0,0.3449,1.5733,-1.0797,1.639,4.19,1.0933,15.0,0.0,6.7777,REJECT
597,MM-0199,MACD,1.2,7,10,Balanced,3.0,8.0,9,0,0.1021,0.7544,-0.8538,1.0652,2.3442,1.0922,9.0,0.0,6.7653,REJECT
598,MM-0783,EMA200+RSI+MACD,1.0,10,20,Balanced,3.0,8.0,9,0,0.28,0.0378,-1.0733,0.7921,1.9723,1.0988,5.0,0.0,6.7078,REJECT
599,MM-0422,SmoothedHeikenAshi,1.2,10,10,Trend,4.0,10.0,9,0,0.4351,0.5962,-3.1895,1.5274,4.0081,1.3991,13.0,0.0,6.7052,REJECT
600,MM-0459,BXStyle,1.0,10,20,Balanced,3.0,8.0,9,0,0.4775,0.5253,-0.636,1.5644,3.3401,1.1158,15.0,0.0,6.6532,REJECT
601,MM-0472,BXStyle,1.2,7,20,Trend,4.0,10.0,9,0,0.1844,1.1412,-0.9698,1.5127,3.0079,1.109,14.0,0.0,6.6366,REJECT
602,MM-0090,EMA200,1.0,14,30,Trend,4.0,10.0,9,3,-0.466,1.0397,-2.6271,1.7921,5.6372,0.91,26.0,33.33,6.6312,REJECT
603,MM-0604,RSI+MACD,0.8,10,20,Trend,4.0,10.0,9,1,-0.1443,0.8218,-0.7264,1.0574,2.3522,0.8604,12.0,11.11,6.5982,REJECT
604,MM-0465,BXStyle,1.0,14,20,Balanced,3.0,8.0,9,0,0.4775,0.6211,-1.3245,1.7039,2.3001,1.1158,14.0,0.0,6.5913,REJECT
605,MM-0405,SmoothedHeikenAshi,1.0,10,20,Balanced,3.0,8.0,9,1,0.1426,0.3569,-1.3452,1.7039,2.6373,1.0357,14.0,11.11,6.5875,REJECT
606,MM-0483,BXStyle,1.2,14,20,Balanced,3.0,8.0,9,0,0.4018,0.7628,-2.0041,1.7856,2.3736,1.1986,14.0,0.0,6.5701,REJECT
607,MM-0351,LinearRegression,1.0,10,20,Balanced,3.0,8.0,9,0,0.4089,0.702,-1.8634,1.4523,2.647,1.1481,13.0,0.0,6.565,REJECT
608,MM-0147,RSI,1.2,7,20,Balanced,3.0,8.0,9,2,-0.4187,0.672,-1.0229,1.8189,3.284,0.9367,20.0,22.22,6.5524,REJECT
609,MM-0526,EMA200+RSI,1.2,7,20,Trend,4.0,10.0,9,2,-0.3034,1.0789,-2.0899,1.7209,2.6761,0.8604,18.0,22.22,6.5489,REJECT
610,MM-0533,EMA200+RSI,1.2,10,30,Balanced,3.0,8.0,9,2,-0.2847,0.6031,-1.4926,1.5874,2.847,0.8714,18.0,22.22,6.5422,REJECT
611,MM-0682,EMA200+BXStyle,1.0,14,20,Trend,4.0,10.0,9,0,0.3365,0.8142,-1.2794,1.6777,2.3052,1.1172,13.0,0.0,6.5397,REJECT
612,MM-0084,EMA200,1.0,10,30,Trend,4.0,10.0,9,3,-0.4177,0.9438,-3.0497,1.7252,5.6372,0.9201,27.0,33.33,6.4963,REJECT
613,MM-0324,RelativeVolume,1.2,14,30,Trend,4.0,10.0,9,0,0.2464,1.5807,-1.0797,1.639,4.19,1.0933,15.0,0.0,6.4934,REJECT
614,MM-0149,RSI,1.2,7,30,Balanced,3.0,8.0,9,2,-0.4187,0.6973,-1.0778,1.8734,3.284,0.9367,20.0,22.22,6.4675,REJECT
615,MM-0627,RSI+MACD,1.0,14,20,Balanced,3.0,8.0,9,0,0.1264,0.1432,-0.4811,0.9964,2.8594,1.1438,8.0,0.0,6.4593,REJECT
616,MM-0613,RSI+MACD,1.0,7,10,Balanced,3.0,8.0,9,0,0.171,0.1412,-0.688,0.9964,2.8594,1.1438,9.0,0.0,6.435,REJECT
617,MM-0248,ADX,1.0,14,10,Trend,4.0,10.0,9,0,0.1083,0.6162,-1.0063,1.0815,3.4886,1.1624,6.0,0.0,6.4271,REJECT
618,MM-0353,LinearRegression,1.0,10,30,Balanced,3.0,8.0,9,0,0.4089,0.6663,-1.8634,1.5211,2.647,1.1481,13.0,0.0,6.4082,REJECT
619,MM-0406,SmoothedHeikenAshi,1.0,10,20,Trend,4.0,10.0,9,1,0.3145,0.491,-2.4367,1.6994,3.2617,1.0595,14.0,11.11,6.3707,REJECT
620,MM-0534,EMA200+RSI,1.2,10,30,Trend,4.0,10.0,9,2,-0.2664,0.8348,-2.3144,1.4168,3.5785,0.8893,18.0,22.22,6.3615,REJECT
621,MM-0771,EMA200+RSI+MACD,0.8,14,20,Balanced,3.0,8.0,9,0,0.0064,0.7585,-0.55,1.054,1.9319,1.0188,6.0,0.0,6.3479,REJECT
622,MM-0078,EMA200,1.0,7,30,Trend,4.0,10.0,9,3,-0.3779,1.0937,-3.5782,1.6772,6.1515,0.9285,27.0,33.33,6.3263,REJECT
623,MM-0527,EMA200+RSI,1.2,7,30,Balanced,3.0,8.0,9,2,-0.3034,0.5681,-1.7,1.8734,2.847,0.9211,18.0,22.22,6.2466,REJECT
624,MM-0242,ADX,1.0,10,10,Trend,4.0,10.0,9,0,0.1083,0.7018,-1.4359,1.0815,3.4886,1.1624,6.0,0.0,6.2333,REJECT
625,MM-0205,MACD,1.2,10,10,Balanced,3.0,8.0,9,0,-0.0397,0.8462,-0.4021,0.9941,1.898,0.9771,10.0,0.0,6.2253,REJECT
626,MM-0414,SmoothedHeikenAshi,1.0,14,30,Trend,4.0,10.0,9,1,0.6158,0.4074,-3.7983,1.6994,4.6118,1.1474,14.0,11.11,6.1562,REJECT
627,MM-0699,EMA200+BXStyle,1.2,14,20,Balanced,3.0,8.0,9,0,0.3157,0.7104,-2.0041,1.6907,2.4166,1.1558,12.0,0.0,6.0117,REJECT
628,MM-0412,SmoothedHeikenAshi,1.0,14,20,Trend,4.0,10.0,9,1,0.2072,0.5046,-2.694,1.6994,3.5169,1.0922,14.0,11.11,6.0103,REJECT
629,MM-0785,EMA200+RSI+MACD,1.0,10,30,Balanced,3.0,8.0,9,0,0.0566,0.0023,-1.0733,0.7921,1.9723,1.0988,5.0,0.0,5.9844,REJECT
630,MM-0266,ADX,1.2,14,10,Trend,4.0,10.0,9,0,0.1083,0.6384,-1.5972,0.8963,3.2372,1.1053,6.0,0.0,5.9639,REJECT
631,MM-0454,BXStyle,1.0,7,20,Trend,4.0,10.0,9,0,0.3511,0.7231,-1.0901,1.572,3.3211,1.0741,15.0,0.0,5.8946,REJECT
632,MM-0150,RSI,1.2,7,30,Trend,4.0,10.0,9,2,-0.2195,0.9192,-2.8358,1.7754,4.3756,0.9555,20.0,22.22,5.8311,REJECT
633,MM-0310,RelativeVolume,1.2,7,20,Trend,4.0,10.0,9,0,0.1924,1.2278,-1.0797,1.6863,4.19,1.1039,15.0,0.0,5.8159,REJECT
634,MM-0550,EMA200+MACD,0.8,10,20,Trend,4.0,10.0,9,1,-0.139,0.3184,-1.4432,1.0574,2.3522,0.9213,7.0,11.11,5.8087,REJECT
635,MM-0531,EMA200+RSI,1.2,10,20,Balanced,3.0,8.0,9,2,-0.4296,0.5782,-1.8926,1.5874,2.847,0.8714,18.0,22.22,5.7701,REJECT
636,MM-0312,RelativeVolume,1.2,7,30,Trend,4.0,10.0,9,0,0.1924,1.1948,-1.0797,1.6863,4.19,1.1039,15.0,0.0,5.7664,REJECT
637,MM-0206,MACD,1.2,10,10,Trend,4.0,10.0,9,0,-0.028,1.2635,-1.623,0.9595,2.4549,0.9771,10.0,0.0,5.7441,REJECT
638,MM-0571,EMA200+MACD,1.0,14,10,Balanced,3.0,8.0,9,0,0.1442,0.0823,-1.0733,0.8506,2.6374,1.0695,5.0,0.0,5.7124,REJECT
639,MM-0688,EMA200+BXStyle,1.2,7,20,Trend,4.0,10.0,9,0,0.0985,1.0099,-1.6887,1.5127,2.1663,1.0623,13.0,0.0,5.69,REJECT
640,MM-0402,SmoothedHeikenAshi,1.0,7,30,Trend,4.0,10.0,9,1,0.4736,0.3144,-3.5053,1.572,4.3213,1.0863,14.0,11.11,5.6574,REJECT
641,MM-0236,ADX,1.0,7,10,Trend,4.0,10.0,9,0,0.0821,0.7179,-1.5346,1.0476,3.5853,1.1053,6.0,0.0,5.6506,REJECT
642,MM-0461,BXStyle,1.0,10,30,Balanced,3.0,8.0,9,0,0.2934,0.4761,-0.8647,1.7039,3.3401,1.1158,15.0,0.0,5.6464,REJECT
643,MM-0606,RSI+MACD,0.8,10,30,Trend,4.0,10.0,9,1,-0.151,0.8028,-0.7264,1.0574,2.3522,0.7429,12.0,11.11,5.6096,REJECT
644,MM-0142,RSI,1.0,14,20,Trend,4.0,10.0,9,3,-0.4447,0.6266,-3.1055,1.9509,5.424,0.9119,23.0,33.33,5.6001,REJECT
645,MM-0528,EMA200+RSI,1.2,7,30,Trend,4.0,10.0,9,2,-0.3034,0.8755,-2.2457,1.7754,3.7949,0.8604,18.0,22.22,5.4859,REJECT
646,MM-0525,EMA200+RSI,1.2,7,20,Balanced,3.0,8.0,9,2,-0.4317,0.5432,-2.0992,1.8189,2.847,0.9033,18.0,22.22,5.4643,REJECT
647,MM-0766,EMA200+RSI+MACD,0.8,10,20,Trend,4.0,10.0,9,1,-0.1443,0.396,-1.4432,1.0574,2.3522,0.8604,7.0,11.11,5.4219,REJECT
648,MM-0148,RSI,1.2,7,20,Trend,4.0,10.0,9,2,-0.5376,1.1212,-1.7205,1.7209,4.1761,0.8576,20.0,22.22,5.4145,REJECT
649,MM-0164,MACD,0.8,7,10,Trend,4.0,10.0,9,0,-0.0363,1.1333,-1.3434,1.1562,2.5602,0.9804,14.0,0.0,5.4123,REJECT
650,MM-0767,EMA200+RSI+MACD,0.8,10,30,Balanced,3.0,8.0,9,1,-0.151,0.4236,-1.1456,1.0574,2.0573,0.8099,7.0,11.11,5.4099,REJECT
651,MM-0538,EMA200+RSI,1.2,14,20,Trend,4.0,10.0,9,2,-0.6174,0.9513,-2.3013,1.4991,3.1442,0.8604,18.0,22.22,5.3556,REJECT
652,MM-0672,EMA200+BXStyle,1.0,7,30,Trend,4.0,10.0,9,0,0.0642,0.7936,-0.7143,1.572,2.9732,1.0407,14.0,0.0,5.3282,REJECT
653,MM-0159,RSI,1.2,14,20,Balanced,3.0,8.0,9,2,-0.4187,0.5191,-2.3106,1.6695,2.957,0.8778,20.0,22.22,5.2737,REJECT
654,MM-0696,EMA200+BXStyle,1.2,10,30,Trend,4.0,10.0,9,0,0.0539,1.0654,-1.5856,1.4218,3.0735,1.0452,12.0,0.0,5.2628,REJECT
655,MM-0258,ADX,1.2,7,30,Trend,4.0,10.0,9,0,-0.0771,0.7751,-0.7234,1.0642,2.1625,0.9424,6.0,0.0,5.2505,REJECT
656,MM-0620,RSI+MACD,1.0,10,10,Trend,4.0,10.0,9,0,0.0582,0.1154,-0.6014,0.9101,3.1102,1.0319,9.0,0.0,5.2316,REJECT
657,MM-0291,RelativeVolume,1.0,7,20,Balanced,3.0,8.0,9,1,0.0197,0.9939,-2.4834,1.624,4.8189,1.0204,19.0,11.11,5.2274,REJECT
658,MM-0643,RSI+MACD,1.2,14,10,Balanced,3.0,8.0,9,0,-0.0602,0.6042,-0.7025,0.9941,1.9605,0.9363,6.0,0.0,5.2178,REJECT
659,MM-0293,RelativeVolume,1.0,7,30,Balanced,3.0,8.0,9,1,0.0197,0.9804,-2.4834,1.624,4.8189,1.0204,19.0,11.11,5.2072,REJECT
660,MM-0644,RSI+MACD,1.2,14,10,Trend,4.0,10.0,9,0,-0.0602,0.9805,-1.0902,0.9078,1.9266,0.8816,6.0,0.0,5.2003,REJECT
661,MM-0552,EMA200+MACD,0.8,10,30,Trend,4.0,10.0,9,1,-0.151,0.2995,-1.4432,1.0574,2.3522,0.8506,7.0,11.11,5.1786,REJECT
662,MM-0595,RSI+MACD,0.8,7,10,Balanced,3.0,8.0,9,0,0.0456,0.5996,-1.1104,1.416,2.351,1.0177,11.0,0.0,5.0456,REJECT
663,MM-0781,EMA200+RSI+MACD,1.0,10,10,Balanced,3.0,8.0,9,0,0.0,0.065,-1.0733,0.7745,1.9723,0.9864,5.0,0.0,5.0358,REJECT
664,MM-0456,BXStyle,1.0,7,30,Trend,4.0,10.0,9,0,0.1501,0.5457,-1.1007,1.572,3.3211,1.0741,15.0,0.0,5.0176,REJECT
665,MM-0474,BXStyle,1.2,7,30,Trend,4.0,10.0,9,0,0.1894,0.9397,-1.934,1.5274,3.6457,1.0665,14.0,0.0,4.9453,REJECT
666,MM-0485,BXStyle,1.2,14,30,Balanced,3.0,8.0,9,0,0.2463,0.7163,-2.0041,1.8688,2.3736,1.0709,14.0,0.0,4.8875,REJECT
667,MM-0407,SmoothedHeikenAshi,1.0,10,30,Balanced,3.0,8.0,9,1,-0.1303,0.3077,-1.6587,1.7039,2.6373,0.9634,14.0,11.11,4.8815,REJECT
668,MM-0425,SmoothedHeikenAshi,1.2,10,30,Balanced,3.0,8.0,9,0,0.1882,0.4566,-1.3882,1.7809,2.3385,1.0611,13.0,0.0,4.8565,REJECT
669,MM-0423,SmoothedHeikenAshi,1.2,10,20,Balanced,3.0,8.0,9,0,0.1882,0.4308,-1.5884,1.6026,2.5369,1.0611,13.0,0.0,4.8359,REJECT
670,MM-0582,EMA200+MACD,1.2,7,30,Trend,4.0,10.0,9,0,0.0,0.8423,-1.2047,0.9934,1.6141,0.8465,5.0,0.0,4.8348,REJECT
671,MM-0805,EMA200+RSI+MACD,1.2,14,10,Balanced,3.0,8.0,9,0,0.0,0.3573,-0.7025,0.8328,1.9723,0.8816,4.0,0.0,4.8265,REJECT
672,MM-0556,EMA200+MACD,0.8,14,20,Trend,4.0,10.0,9,1,-0.151,0.708,-0.6998,1.054,2.4788,0.6635,6.0,11.11,4.7939,REJECT
673,MM-0161,RSI,1.2,14,30,Balanced,3.0,8.0,9,2,-0.4187,0.4722,-2.3106,1.9694,2.957,0.8778,20.0,22.22,4.7534,REJECT
674,MM-0558,EMA200+MACD,0.8,14,30,Trend,4.0,10.0,9,1,-0.1553,0.689,-0.6998,1.054,2.4788,0.6635,6.0,11.11,4.7525,REJECT
675,MM-0539,EMA200+RSI,1.2,14,30,Balanced,3.0,8.0,9,2,-0.2847,0.4739,-2.3106,1.9694,2.847,0.8141,18.0,22.22,4.7035,REJECT
676,MM-0701,EMA200+BXStyle,1.2,14,30,Balanced,3.0,8.0,9,0,0.196,0.664,-2.0041,1.7856,2.4166,1.063,12.0,0.0,4.6983,REJECT
677,MM-0791,EMA200+RSI+MACD,1.0,14,30,Balanced,3.0,8.0,9,0,0.0,0.1644,-1.0733,0.8682,1.9723,0.9413,5.0,0.0,4.6836,REJECT
678,MM-0610,RSI+MACD,0.8,14,20,Trend,4.0,10.0,9,0,-0.1443,1.2163,-1.0621,1.054,2.4788,0.8604,11.0,0.0,4.6578,REJECT
679,MM-0429,SmoothedHeikenAshi,1.2,14,20,Balanced,3.0,8.0,9,0,0.1882,0.4265,-1.4039,1.9602,2.0963,1.0611,13.0,0.0,4.6517,REJECT
680,MM-0160,RSI,1.2,14,20,Trend,4.0,10.0,9,2,-0.5534,0.8304,-2.3013,1.4991,4.1761,0.8349,20.0,22.22,4.6463,REJECT
681,MM-0537,EMA200+RSI,1.2,14,20,Balanced,3.0,8.0,9,2,-0.4872,0.5208,-2.3106,1.6695,2.847,0.8141,18.0,22.22,4.6161,REJECT
682,MM-0810,EMA200+RSI+MACD,1.2,14,30,Trend,4.0,10.0,9,0,0.0,0.9338,-0.8784,0.8324,1.5656,0.7342,4.0,0.0,4.5841,REJECT
683,MM-0541,EMA200+MACD,0.8,7,10,Balanced,3.0,8.0,9,0,0.0033,0.3411,-1.1925,1.416,2.1563,1.0171,8.0,0.0,4.5618,REJECT
684,MM-0629,RSI+MACD,1.0,14,30,Balanced,3.0,8.0,9,0,-0.0753,0.153,-0.2127,0.9964,2.8594,0.9486,8.0,0.0,4.5085,REJECT
685,MM-0619,RSI+MACD,1.0,10,10,Balanced,3.0,8.0,9,0,-0.0107,0.0429,-0.688,0.9964,2.8594,0.9864,9.0,0.0,4.4831,REJECT
686,MM-0466,BXStyle,1.0,14,20,Trend,4.0,10.0,9,0,0.0221,0.6674,-1.2794,1.6994,2.7336,1.0277,14.0,0.0,4.4136,REJECT
687,MM-0144,RSI,1.0,14,30,Trend,4.0,10.0,9,3,-0.611,0.5258,-3.1055,1.9509,5.424,0.8426,23.0,33.33,4.3957,REJECT
688,MM-0431,SmoothedHeikenAshi,1.2,14,30,Balanced,3.0,8.0,9,0,0.1882,0.3799,-1.7171,1.8935,2.2263,1.0611,13.0,0.0,4.3821,REJECT
689,MM-0132,RSI,1.0,7,30,Trend,4.0,10.0,9,3,-0.7112,0.613,-3.2347,1.5018,5.5501,0.7961,24.0,33.33,4.3676,REJECT
690,MM-0796,EMA200+RSI+MACD,1.2,7,20,Trend,4.0,10.0,9,0,0.0,0.9804,-0.5386,0.7571,1.6141,0.6502,5.0,0.0,4.3255,REJECT
691,MM-0597,RSI+MACD,0.8,7,20,Balanced,3.0,8.0,9,0,0.0456,0.4175,-1.3184,1.6233,2.351,1.0177,11.0,0.0,4.3054,REJECT
692,MM-0599,RSI+MACD,0.8,7,30,Balanced,3.0,8.0,9,0,0.0456,0.4175,-1.3184,1.6233,2.351,1.0177,11.0,0.0,4.3054,REJECT
693,MM-0408,SmoothedHeikenAshi,1.0,10,30,Trend,4.0,10.0,9,1,0.1703,0.3174,-3.5439,1.6994,4.3595,1.0595,14.0,11.11,4.2985,REJECT
694,MM-0559,EMA200+MACD,1.0,7,10,Balanced,3.0,8.0,9,0,0.0,0.0634,-1.0733,0.7745,2.4483,0.9237,5.0,0.0,4.2938,REJECT
695,MM-0292,RelativeVolume,1.0,7,20,Trend,4.0,10.0,9,1,0.0916,1.0362,-3.7343,1.624,5.8262,1.049,19.0,11.11,4.2935,REJECT
696,MM-0630,RSI+MACD,1.0,14,30,Trend,4.0,10.0,9,0,-0.0818,0.1801,-0.8141,0.9101,3.1102,0.9698,8.0,0.0,4.2523,REJECT
697,MM-0628,RSI+MACD,1.0,14,20,Trend,4.0,10.0,9,0,-0.0818,0.1703,-0.8141,0.9101,3.1102,0.9698,8.0,0.0,4.2377,REJECT
698,MM-0297,RelativeVolume,1.0,10,20,Balanced,3.0,8.0,9,1,-0.1726,0.9453,-2.7353,1.5496,4.0386,0.9367,21.0,11.11,4.2208,REJECT
699,MM-0540,EMA200+RSI,1.2,14,30,Trend,4.0,10.0,9,2,-0.6174,0.6362,-2.3144,1.7995,3.5785,0.8604,18.0,22.22,4.2055,REJECT
700,MM-0299,RelativeVolume,1.0,10,30,Balanced,3.0,8.0,9,1,-0.1726,0.9319,-2.7353,1.5496,4.0386,0.9367,21.0,11.11,4.2007,REJECT
701,MM-0572,EMA200+MACD,1.0,14,10,Trend,4.0,10.0,9,0,0.0,0.0776,-1.2224,0.9101,3.2228,0.9965,5.0,0.0,4.1951,REJECT
702,MM-0773,EMA200+RSI+MACD,0.8,14,30,Balanced,3.0,8.0,9,0,-0.151,0.7395,-0.55,1.054,1.9319,0.8099,6.0,0.0,4.176,REJECT
703,MM-0800,EMA200+RSI+MACD,1.2,10,10,Trend,4.0,10.0,9,0,-0.1576,0.7626,-0.5304,0.7571,1.5656,0.7252,5.0,0.0,4.1564,REJECT
704,MM-0254,ADX,1.2,7,10,Trend,4.0,10.0,9,0,-0.2195,0.7351,-0.7475,0.8963,2.4017,0.8515,6.0,0.0,4.1502,REJECT
705,MM-0561,EMA200+MACD,1.0,7,20,Balanced,3.0,8.0,9,0,0.0,0.0008,-1.0733,0.8159,2.4483,0.9237,5.0,0.0,4.1378,REJECT
706,MM-0298,RelativeVolume,1.0,10,20,Trend,4.0,10.0,9,1,-0.1008,1.0814,-3.3036,1.5496,4.7377,0.9703,21.0,11.11,4.1334,REJECT
707,MM-0684,EMA200+BXStyle,1.0,14,30,Trend,4.0,10.0,9,0,-0.0334,0.712,-1.045,1.6777,2.9732,0.9908,13.0,0.0,4.1073,REJECT
708,MM-0239,ADX,1.0,7,30,Balanced,3.0,8.0,9,0,-0.0146,0.4992,-1.4174,1.0844,2.8556,0.938,6.0,0.0,4.0915,REJECT
709,MM-0304,RelativeVolume,1.0,14,20,Trend,4.0,10.0,9,1,-0.0261,0.7432,-2.8821,1.5496,5.3939,1.0014,19.0,11.11,4.0871,REJECT
710,MM-0563,EMA200+MACD,1.0,7,30,Balanced,3.0,8.0,9,0,0.0,-0.0347,-1.0733,0.8159,2.4483,0.9237,5.0,0.0,4.0846,REJECT
711,MM-0237,ADX,1.0,7,20,Balanced,3.0,8.0,9,0,-0.0146,0.4763,-1.4174,1.0844,2.8556,0.938,6.0,0.0,4.0572,REJECT
712,MM-0614,RSI+MACD,1.0,7,10,Trend,4.0,10.0,9,0,-0.1369,0.1941,-0.6014,0.9101,3.1102,0.9418,9.0,0.0,4.0436,REJECT
713,MM-0573,EMA200+MACD,1.0,14,20,Balanced,3.0,8.0,9,0,0.0,0.0411,-1.0733,0.9964,2.6374,0.9489,5.0,0.0,4.0346,REJECT
714,MM-0311,RelativeVolume,1.2,7,30,Balanced,3.0,8.0,9,0,0.1204,0.7268,-1.6912,2.0114,3.5194,1.0769,15.0,0.0,4.0213,REJECT
715,MM-0460,BXStyle,1.0,10,20,Trend,4.0,10.0,9,0,-0.0055,0.6335,-0.636,1.6994,3.9194,1.0046,15.0,0.0,3.9847,REJECT
716,MM-0768,EMA200+RSI+MACD,0.8,10,30,Trend,4.0,10.0,9,1,-0.151,0.377,-1.4432,1.0574,2.3522,0.684,7.0,11.11,3.9622,REJECT
717,MM-0238,ADX,1.0,7,20,Trend,4.0,10.0,9,0,-0.0146,0.6723,-1.5346,1.0476,3.5853,0.938,6.0,0.0,3.9536,REJECT
718,MM-0615,RSI+MACD,1.0,7,20,Balanced,3.0,8.0,9,0,-0.0668,0.0568,-0.8968,1.1276,2.8594,0.9786,9.0,0.0,3.9199,REJECT
719,MM-0592,EMA200+MACD,1.2,14,20,Trend,4.0,10.0,9,0,0.0,1.0973,-0.8784,0.9508,1.5656,0.6417,4.0,0.0,3.9118,REJECT
720,MM-0309,RelativeVolume,1.2,7,20,Balanced,3.0,8.0,9,0,0.1204,0.6432,-1.6912,2.0114,3.5194,1.0769,15.0,0.0,3.896,REJECT
721,MM-0794,EMA200+RSI+MACD,1.2,7,10,Trend,4.0,10.0,9,0,-0.1576,0.696,-0.7218,0.7571,1.6141,0.7252,5.0,0.0,3.8887,REJECT
722,MM-0617,RSI+MACD,1.0,7,30,Balanced,3.0,8.0,9,0,-0.0668,0.0213,-0.8968,1.1276,2.8594,0.9786,9.0,0.0,3.8666,REJECT
723,MM-0621,RSI+MACD,1.0,10,20,Balanced,3.0,8.0,9,0,-0.0668,-0.024,-0.9021,1.1276,2.8594,0.9786,9.0,0.0,3.7947,REJECT
724,MM-0253,ADX,1.2,7,10,Balanced,3.0,8.0,9,0,-0.1096,0.3529,-1.4431,0.8963,2.7638,0.9226,6.0,0.0,3.7727,REJECT
725,MM-0575,EMA200+MACD,1.0,14,30,Balanced,3.0,8.0,9,0,-0.0753,0.0509,-1.0733,0.9964,2.6374,0.9413,5.0,0.0,3.7625,REJECT
726,MM-0240,ADX,1.0,7,30,Trend,4.0,10.0,9,0,-0.0146,0.5444,-1.5346,1.0476,3.5853,0.938,6.0,0.0,3.7619,REJECT
727,MM-0565,EMA200+MACD,1.0,10,10,Balanced,3.0,8.0,9,0,0.0,-0.0125,-1.0733,0.7745,2.6374,0.8823,5.0,0.0,3.7542,REJECT
728,MM-0623,RSI+MACD,1.0,10,30,Balanced,3.0,8.0,9,0,-0.0668,-0.0594,-0.9021,1.1276,2.8594,0.9786,9.0,0.0,3.7416,REJECT
729,MM-0303,RelativeVolume,1.0,14,20,Balanced,3.0,8.0,9,1,-0.2168,0.6665,-2.4585,1.5496,4.5261,0.9487,19.0,11.11,3.7298,REJECT
730,MM-0700,EMA200+BXStyle,1.2,14,20,Trend,4.0,10.0,9,0,-0.1383,1.1961,-1.9486,1.6651,2.2775,0.9281,12.0,0.0,3.7063,REJECT
731,MM-0257,ADX,1.2,7,30,Balanced,3.0,8.0,9,0,-0.0783,0.4647,-1.4431,1.0642,2.7638,0.9106,6.0,0.0,3.6864,REJECT
732,MM-0588,EMA200+MACD,1.2,10,30,Trend,4.0,10.0,9,0,0.0,0.8458,-0.7549,1.0367,1.5656,0.6595,6.0,0.0,3.6407,REJECT
733,MM-0586,EMA200+MACD,1.2,10,20,Trend,4.0,10.0,9,0,0.0,0.9149,-0.9154,0.9508,1.5656,0.6417,6.0,0.0,3.6104,REJECT
734,MM-0793,EMA200+RSI+MACD,1.2,7,10,Balanced,3.0,8.0,9,0,0.0,0.2878,-0.6932,0.7571,1.9723,0.7252,5.0,0.0,3.5915,REJECT
735,MM-0484,BXStyle,1.2,14,20,Trend,4.0,10.0,9,0,-0.1473,1.1633,-1.9486,1.5274,3.0079,0.9427,14.0,0.0,3.5881,REJECT
736,MM-0799,EMA200+RSI+MACD,1.2,10,10,Balanced,3.0,8.0,9,0,0.0,0.33,-0.7025,0.8328,1.9723,0.7252,5.0,0.0,3.5344,REJECT
737,MM-0251,ADX,1.0,14,30,Balanced,3.0,8.0,9,0,-0.0783,0.52,-1.0378,1.0844,2.7583,0.8442,6.0,0.0,3.5146,REJECT
738,MM-0294,RelativeVolume,1.0,7,30,Trend,4.0,10.0,9,1,0.0916,0.8699,-3.7343,2.0119,5.8262,1.049,19.0,11.11,3.4623,REJECT
739,MM-0596,RSI+MACD,0.8,7,10,Trend,4.0,10.0,9,0,-0.1507,0.6115,-1.1104,1.416,2.6086,0.9037,11.0,0.0,3.4337,REJECT
740,MM-0468,BXStyle,1.0,14,30,Trend,4.0,10.0,9,0,-0.0334,0.5659,-1.401,1.6994,3.3291,0.9908,14.0,0.0,3.4107,REJECT
741,MM-0252,ADX,1.0,14,30,Trend,4.0,10.0,9,0,-0.0783,0.5288,-1.0063,1.0815,3.4886,0.8715,6.0,0.0,3.409,REJECT
742,MM-0567,EMA200+MACD,1.0,10,20,Balanced,3.0,8.0,9,0,0.0,-0.0755,-1.0733,1.0189,2.6374,0.8823,5.0,0.0,3.2931,REJECT
743,MM-0162,RSI,1.2,14,30,Trend,4.0,10.0,9,2,-0.5534,0.5161,-2.904,1.7995,4.1761,0.8349,20.0,22.22,3.2722,REJECT
744,MM-0569,EMA200+MACD,1.0,10,30,Balanced,3.0,8.0,9,0,0.0,-0.1109,-1.0733,1.0189,2.6374,0.8823,5.0,0.0,3.24,REJECT
745,MM-0612,RSI+MACD,0.8,14,30,Trend,4.0,10.0,9,0,-0.151,1.1974,-1.0621,1.054,2.4788,0.684,11.0,0.0,3.1981,REJECT
746,MM-0300,RelativeVolume,1.0,10,30,Trend,4.0,10.0,9,1,-0.1008,0.9152,-3.3036,2.0182,4.7377,0.9703,21.0,11.11,3.1811,REJECT
747,MM-0590,EMA200+MACD,1.2,14,10,Trend,4.0,10.0,9,0,0.0,0.7881,-0.5675,0.9078,1.5656,0.5611,4.0,0.0,3.1008,REJECT
748,MM-0806,EMA200+RSI+MACD,1.2,14,10,Trend,4.0,10.0,9,0,-0.0602,0.7467,-0.5675,0.7571,1.5656,0.5592,4.0,0.0,3.069,REJECT
749,MM-0792,EMA200+RSI+MACD,1.0,14,30,Trend,4.0,10.0,9,0,0.0,0.2776,-1.2224,0.9101,2.0444,0.7424,5.0,0.0,3.0514,REJECT
750,MM-0790,EMA200+RSI+MACD,1.0,14,20,Trend,4.0,10.0,9,0,0.0,0.2678,-1.2224,0.9101,2.0444,0.7424,5.0,0.0,3.0368,REJECT
751,MM-0678,EMA200+BXStyle,1.0,10,30,Trend,4.0,10.0,9,0,-0.2201,0.7262,-0.8193,1.5931,2.9732,0.8865,14.0,0.0,3.0302,REJECT
752,MM-0776,EMA200+RSI+MACD,1.0,7,10,Trend,4.0,10.0,9,0,0.0,0.2167,-1.2224,0.9101,1.9301,0.7424,5.0,0.0,3.0172,REJECT
753,MM-0622,RSI+MACD,1.0,10,20,Trend,4.0,10.0,9,0,-0.1974,0.0813,-0.8157,1.0904,3.1102,0.908,9.0,0.0,2.9913,REJECT
754,MM-0624,RSI+MACD,1.0,10,30,Trend,4.0,10.0,9,0,-0.1974,0.0459,-0.8157,1.0904,3.1102,0.908,9.0,0.0,2.9382,REJECT
755,MM-0782,EMA200+RSI+MACD,1.0,10,10,Trend,4.0,10.0,9,0,0.0,0.1307,-1.2224,0.9101,2.0444,0.7424,5.0,0.0,2.8311,REJECT
756,MM-0594,EMA200+MACD,1.2,14,30,Trend,4.0,10.0,9,0,0.0,0.9447,-0.8784,1.0367,1.5656,0.5504,4.0,0.0,2.8236,REJECT
757,MM-0778,EMA200+RSI+MACD,1.0,7,20,Trend,4.0,10.0,9,0,0.0,0.2227,-1.2224,1.0851,1.9301,0.7424,5.0,0.0,2.7637,REJECT
758,MM-0584,EMA200+MACD,1.2,10,10,Trend,4.0,10.0,9,0,0.0,0.6682,-0.7997,0.9089,1.5656,0.5611,6.0,0.0,2.7451,REJECT
759,MM-0757,EMA200+RSI+MACD,0.8,7,10,Balanced,3.0,8.0,9,0,-0.1507,0.3792,-1.1925,1.416,2.1563,0.837,8.0,0.0,2.7162,REJECT
760,MM-0780,EMA200+RSI+MACD,1.0,7,30,Trend,4.0,10.0,9,0,0.0,0.1872,-1.2224,1.0851,1.9301,0.7424,5.0,0.0,2.7104,REJECT
761,MM-0772,EMA200+RSI+MACD,0.8,14,20,Trend,4.0,10.0,9,0,-0.151,0.7856,-0.6998,1.054,2.4788,0.6635,6.0,0.0,2.6882,REJECT
762,MM-0578,EMA200+MACD,1.2,7,10,Trend,4.0,10.0,9,0,0.0,0.6572,-0.9531,0.9934,1.6141,0.5874,5.0,0.0,2.673,REJECT
763,MM-0138,RSI,1.0,10,30,Trend,4.0,10.0,9,3,-1.0547,0.5237,-2.7665,1.9509,4.8212,0.7219,24.0,33.33,2.6515,REJECT
764,MM-0580,EMA200+MACD,1.2,7,20,Trend,4.0,10.0,9,0,0.0,0.9112,-0.8898,0.9934,1.6141,0.5255,5.0,0.0,2.6063,REJECT
765,MM-0250,ADX,1.0,14,20,Trend,4.0,10.0,9,0,-0.0783,0.6116,-1.0063,1.0815,3.4886,0.7525,6.0,0.0,2.5812,REJECT
766,MM-0784,EMA200+RSI+MACD,1.0,10,20,Trend,4.0,10.0,9,0,0.0,0.1364,-1.2224,1.0904,2.0444,0.7424,5.0,0.0,2.5691,REJECT
767,MM-0690,EMA200+BXStyle,1.2,7,30,Trend,4.0,10.0,9,0,-0.2195,0.8069,-1.3385,1.6651,3.291,0.8921,13.0,0.0,2.5417,REJECT
768,MM-0786,EMA200+RSI+MACD,1.0,10,30,Trend,4.0,10.0,9,0,0.0,0.1009,-1.2224,1.0904,2.0444,0.7424,5.0,0.0,2.5159,REJECT
769,MM-0415,SmoothedHeikenAshi,1.2,7,10,Balanced,3.0,8.0,9,0,-0.0836,0.3059,-1.4589,1.8972,2.4717,0.9289,13.0,0.0,2.4634,REJECT
770,MM-0542,EMA200+MACD,0.8,7,10,Trend,4.0,10.0,9,0,-0.1473,0.2625,-1.49,1.416,2.6132,0.8708,8.0,0.0,2.3702,REJECT
771,MM-0774,EMA200+RSI+MACD,0.8,14,30,Trend,4.0,10.0,9,0,-0.2738,0.7667,-0.6998,1.054,2.4788,0.6635,6.0,0.0,2.2914,REJECT
772,MM-0249,ADX,1.0,14,20,Balanced,3.0,8.0,9,0,-0.0783,0.4521,-1.0378,1.0844,2.7583,0.7015,6.0,0.0,2.2711,REJECT
773,MM-0616,RSI+MACD,1.0,7,20,Trend,4.0,10.0,9,0,-0.2965,0.0868,-0.8104,1.0851,3.1102,0.8291,9.0,0.0,2.0829,REJECT
774,MM-0576,EMA200+MACD,1.0,14,30,Trend,4.0,10.0,9,0,-0.0354,0.113,-1.2224,0.9508,3.2228,0.7424,5.0,0.0,2.0481,REJECT
775,MM-0574,EMA200+MACD,1.0,14,20,Trend,4.0,10.0,9,0,-0.0354,0.1032,-1.2224,0.9508,3.2228,0.7424,5.0,0.0,2.0335,REJECT
776,MM-0618,RSI+MACD,1.0,7,30,Trend,4.0,10.0,9,0,-0.2965,0.0513,-0.8104,1.0851,3.1102,0.8291,9.0,0.0,2.0296,REJECT
777,MM-0560,EMA200+MACD,1.0,7,10,Trend,4.0,10.0,9,0,-0.1369,0.0884,-1.2224,0.9101,2.9678,0.7424,5.0,0.0,1.8952,REJECT
778,MM-0462,BXStyle,1.0,10,30,Trend,4.0,10.0,9,0,-0.2539,0.4565,-1.1402,1.6994,3.9194,0.9138,15.0,0.0,1.8694,REJECT
779,MM-0758,EMA200+RSI+MACD,0.8,7,10,Trend,4.0,10.0,9,0,-0.1507,0.3349,-1.49,1.416,2.4509,0.7806,8.0,0.0,1.8281,REJECT
780,MM-0244,ADX,1.0,10,20,Trend,4.0,10.0,9,0,-0.0783,0.7048,-1.4359,1.0844,3.4886,0.6785,6.0,0.0,1.8024,REJECT
781,MM-0245,ADX,1.0,10,30,Balanced,3.0,8.0,9,0,-0.0783,0.4807,-1.3186,1.0669,2.7583,0.6477,6.0,0.0,1.6992,REJECT
782,MM-0243,ADX,1.0,10,20,Balanced,3.0,8.0,9,0,-0.0783,0.4578,-1.3186,1.0669,2.7583,0.6477,6.0,0.0,1.6649,REJECT
783,MM-0566,EMA200+MACD,1.0,10,10,Trend,4.0,10.0,9,0,-0.1369,0.0026,-1.2224,0.9101,3.2228,0.7424,5.0,0.0,1.639,REJECT
784,MM-0419,SmoothedHeikenAshi,1.2,7,30,Balanced,3.0,8.0,9,0,-0.297,0.2851,-1.4431,1.9537,2.4717,0.9147,13.0,0.0,1.6055,REJECT
785,MM-0543,EMA200+MACD,0.8,7,20,Balanced,3.0,8.0,9,0,-0.1972,0.1701,-1.3184,1.6233,2.1563,0.7931,8.0,0.0,1.5064,REJECT
786,MM-0545,EMA200+MACD,0.8,7,30,Balanced,3.0,8.0,9,0,-0.1972,0.1701,-1.3184,1.6233,2.1563,0.7931,8.0,0.0,1.5064,REJECT
787,MM-0702,EMA200+BXStyle,1.2,14,30,Trend,4.0,10.0,9,0,-0.1383,0.8812,-1.9486,1.6651,3.0735,0.7584,12.0,0.0,1.4783,REJECT
788,MM-0246,ADX,1.0,10,30,Trend,4.0,10.0,9,0,-0.0783,0.5769,-1.4359,1.216,3.4886,0.6785,6.0,0.0,1.4133,REJECT
789,MM-0562,EMA200+MACD,1.0,7,20,Trend,4.0,10.0,9,0,-0.2118,0.0584,-1.2224,1.0851,2.9678,0.7424,5.0,0.0,1.3631,REJECT
790,MM-0564,EMA200+MACD,1.0,7,30,Trend,4.0,10.0,9,0,-0.2118,0.023,-1.2224,1.0851,2.9678,0.7424,5.0,0.0,1.3099,REJECT
791,MM-0568,EMA200+MACD,1.0,10,20,Trend,4.0,10.0,9,0,-0.2118,-0.0277,-1.2224,1.0904,3.2228,0.7424,5.0,0.0,1.0985,REJECT
792,MM-0416,SmoothedHeikenAshi,1.2,7,10,Trend,4.0,10.0,9,0,-0.1717,0.5138,-3.1214,1.5274,3.9407,0.9289,13.0,0.0,1.0843,REJECT
793,MM-0570,EMA200+MACD,1.0,10,30,Trend,4.0,10.0,9,0,-0.2118,-0.0631,-1.2224,1.0904,3.2228,0.7424,5.0,0.0,1.0453,REJECT
794,MM-0255,ADX,1.2,7,20,Balanced,3.0,8.0,9,0,-0.0783,0.3968,-1.4431,1.0642,2.7638,0.5776,6.0,0.0,0.9206,REJECT
795,MM-0430,SmoothedHeikenAshi,1.2,14,20,Trend,4.0,10.0,9,0,-0.4028,0.8399,-2.7008,1.5274,3.5236,0.8646,13.0,0.0,0.8898,REJECT
796,MM-0486,BXStyle,1.2,14,30,Trend,4.0,10.0,9,0,-0.4645,0.8491,-2.0029,1.5274,3.429,0.7982,14.0,0.0,0.758,REJECT
797,MM-0598,RSI+MACD,0.8,7,20,Trend,4.0,10.0,9,0,-0.3721,0.4298,-1.3184,1.6233,2.6086,0.7429,11.0,0.0,0.7436,REJECT
798,MM-0600,RSI+MACD,0.8,7,30,Trend,4.0,10.0,9,0,-0.3721,0.4298,-1.3184,1.6233,2.6086,0.7429,11.0,0.0,0.7436,REJECT
799,MM-0424,SmoothedHeikenAshi,1.2,10,20,Trend,4.0,10.0,9,0,-0.4028,0.7884,-3.2881,1.5274,4.1059,0.8646,13.0,0.0,0.0809,REJECT
800,MM-0417,SmoothedHeikenAshi,1.2,7,20,Balanced,3.0,8.0,9,0,-0.5271,0.2589,-1.5592,1.8972,2.508,0.7891,13.0,0.0,-0.1494,REJECT
801,MM-0759,EMA200+RSI+MACD,0.8,7,20,Balanced,3.0,8.0,9,0,-0.3328,0.2082,-1.3184,1.5779,2.1563,0.6128,8.0,0.0,-0.2176,REJECT
802,MM-0761,EMA200+RSI+MACD,0.8,7,30,Balanced,3.0,8.0,9,0,-0.3328,0.2082,-1.3184,1.5779,2.1563,0.6128,8.0,0.0,-0.2176,REJECT
803,MM-0544,EMA200+MACD,0.8,7,20,Trend,4.0,10.0,9,0,-0.3328,0.0921,-1.49,1.6233,2.6132,0.6791,8.0,0.0,-0.2865,REJECT
804,MM-0546,EMA200+MACD,0.8,7,30,Trend,4.0,10.0,9,0,-0.3328,0.0921,-1.49,1.6233,2.6132,0.6791,8.0,0.0,-0.2865,REJECT
805,MM-0418,SmoothedHeikenAshi,1.2,7,20,Trend,4.0,10.0,9,0,-0.4392,0.6421,-3.2201,1.5274,4.0385,0.778,13.0,0.0,-0.8559,REJECT
806,MM-0432,SmoothedHeikenAshi,1.2,14,30,Trend,4.0,10.0,9,0,-0.4028,0.5291,-3.8049,1.5274,4.6184,0.8646,13.0,0.0,-0.9519,REJECT
807,MM-0760,EMA200+RSI+MACD,0.8,7,20,Trend,4.0,10.0,9,0,-0.3328,0.1643,-1.49,1.6233,2.4509,0.5246,8.0,0.0,-1.333,REJECT
808,MM-0762,EMA200+RSI+MACD,0.8,7,30,Trend,4.0,10.0,9,0,-0.3328,0.1643,-1.49,1.6233,2.4509,0.5246,8.0,0.0,-1.333,REJECT
809,MM-0426,SmoothedHeikenAshi,1.2,10,30,Trend,4.0,10.0,9,0,-0.4028,0.59,-4.3856,1.5274,5.1941,0.8646,13.0,0.0,-1.5839,REJECT
810,MM-0420,SmoothedHeikenAshi,1.2,7,30,Trend,4.0,10.0,9,0,-0.4831,0.4439,-4.3184,1.5274,5.1275,0.7575,13.0,0.0,-2.817,REJECT
