date,open,high,low,close,volume
2020-07-27 04:00:00+00:00,3058.87,3090.88,3016.17,3055.6,47612.0
2020-07-28 04:00:00+00:00,3053.61,3068.81,2999.54,3000.22,37492.0
2020-07-29 04:00:00+00:00,3032.565,3037.73,2999.83,3034.52,64724.0
2020-07-30 04:00:00+00:00,3014.99,3089.68,3006.17,3051.17,83543.0
2020-07-31 04:00:00+00:00,3243.09,3243.09,3154.1,3164.2,178562.0
2020-08-03 04:00:00+00:00,3182.935,3182.935,3105.79,3112.565,91344.0
2020-08-04 04:00:00+00:00,3112.685,3166.35,3102.015,3135.69,40654.0
2020-08-05 04:00:00+00:00,3142.335,3212.82,3131.79,3205.62,89581.0
2020-08-06 04:00:00+00:00,3195.0,3246.655,3167.07,3225.22,150621.0
2020-08-07 04:00:00+00:00,3224.355,3240.7,3144.02,3166.925,38836.0
2020-08-10 04:00:00+00:00,3171.345,3171.345,3103.04,3150.34,44706.0
2020-08-11 04:00:00+00:00,3102.375,3155.795,3073.09,3080.82,75154.0
2020-08-12 04:00:00+00:00,3104.78,3172.82,3103.98,3160.52,37392.0
2020-08-13 04:00:00+00:00,3181.5,3213.8,3157.9,3159.56,37663.0
2020-08-14 04:00:00+00:00,3177.3,3177.3,3123.2,3147.5,25322.0
2020-08-17 04:00:00+00:00,3172.055,3193.97,3158.01,3184.43,30989.0
2020-08-18 04:00:00+00:00,3212.995,3319.38,3209.6,3312.22,61207.0
2020-08-19 04:00:00+00:00,3305.14,3314.06,3258.055,3260.56,52971.0
2020-08-20 04:00:00+00:00,3252.41,3312.045,3238.06,3296.29,35459.0
2020-08-21 04:00:00+00:00,3303.995,3307.2,3277.52,3285.275,32360.0
2020-08-24 04:00:00+00:00,3313.0,3380.07,3258.21,3305.8,136931.0
2020-08-25 04:00:00+00:00,3293.145,3355.705,3274.035,3345.84,36125.0
2020-08-26 04:00:00+00:00,3354.95,3450.99,3346.91,3440.52,72987.0
2020-08-27 04:00:00+00:00,3448.89,3448.89,3388.76,3399.7,32518.0
2020-08-28 04:00:00+00:00,3421.725,3426.935,3386.81,3401.28,26406.0
2020-08-31 04:00:00+00:00,3408.315,3493.97,3408.315,3453.215,50681.0
2020-09-01 04:00:00+00:00,3491.0,3513.02,3472.87,3500.16,54859.0
2020-09-02 04:00:00+00:00,3545.9,3545.9,3492.53,3531.685,41000.0
2020-09-03 04:00:00+00:00,3484.24,3487.48,3304.24,3370.32,111498.0
2020-09-04 04:00:00+00:00,3318.48,3380.495,3115.0,3294.19,81918.0
2020-09-08 04:00:00+00:00,3138.74,3250.845,3130.71,3144.76,84790.0
2020-09-09 04:00:00+00:00,3202.775,3299.965,3197.7,3274.11,34354.0
2020-09-10 04:00:00+00:00,3304.35,3343.905,3173.29,3179.1,58505.0
2020-09-11 04:00:00+00:00,3205.285,3214.5,3090.0,3117.755,52294.0
2020-09-14 04:00:00+00:00,3174.31,3186.95,3099.82,3101.93,76371.0
2020-09-15 04:00:00+00:00,3137.675,3173.58,3108.93,3152.3,79625.0
2020-09-16 04:00:00+00:00,3178.385,3178.385,3074.51,3077.275,84409.0
2020-09-17 04:00:00+00:00,3000.685,3029.185,2977.17,3008.96,89964.0
2020-09-18 04:00:00+00:00,3033.47,3033.47,2907.405,2959.98,104811.0
2020-09-21 04:00:00+00:00,2908.2,2961.03,2873.5,2960.99,163405.0
2020-09-22 04:00:00+00:00,3033.14,3133.47,3005.17,3129.7,172952.0
2020-09-23 04:00:00+00:00,3122.41,3124.505,2994.1,3000.08,95775.0
2020-09-24 04:00:00+00:00,2976.405,3066.19,2967.28,3021.425,88677.0
2020-09-25 04:00:00+00:00,3052.58,3100.91,3004.62,3097.415,51007.0
2020-09-28 04:00:00+00:00,3147.585,3174.145,3121.21,3170.99,41359.0
2020-09-29 04:00:00+00:00,3177.12,3181.955,3133.8,3144.38,74703.0
2020-09-30 04:00:00+00:00,3142.055,3211.31,3139.61,3149.07,45425.0
2020-10-01 04:00:00+00:00,3206.51,3224.0,3172.45,3222.0,207503.0
2020-10-02 04:00:00+00:00,3152.71,3195.25,3123.37,3125.4,193618.0
2020-10-05 04:00:00+00:00,3145.815,3202.28,3142.11,3200.05,151438.0
2020-10-06 04:00:00+00:00,3173.75,3180.99,3091.45,3103.985,90462.0
2020-10-07 04:00:00+00:00,3133.62,3199.93,3133.62,3195.03,166240.0
2020-10-08 04:00:00+00:00,3224.99,3232.43,3175.295,3191.36,133605.0
2020-10-09 04:00:00+00:00,3210.99,3288.42,3198.95,3288.0,190961.0
2020-10-12 04:00:00+00:00,3349.94,3494.95,3340.4,3441.0,434747.0
2020-10-13 04:00:00+00:00,3467.99,3491.98,3424.69,3441.765,245734.0
2020-10-14 04:00:00+00:00,3447.0,3463.365,3342.93,3363.82,284003.0
2020-10-15 04:00:00+00:00,3292.01,3354.95,3280.0,3339.23,236528.0
2020-10-16 04:00:00+00:00,3368.235,3399.33,3242.43,3242.43,265499.0
2020-10-19 04:00:00+00:00,3297.035,3327.2,3192.735,3208.68,219525.0
2020-10-20 04:00:00+00:00,3222.57,3264.035,3193.61,3218.15,185679.0
2020-10-21 04:00:00+00:00,3210.595,3232.64,3160.07,3184.81,197927.0
2020-10-22 04:00:00+00:00,3191.65,3196.67,3123.5,3174.165,201137.0
2020-10-23 04:00:00+00:00,3190.005,3205.31,3140.65,3204.63,160772.0
2020-10-26 04:00:00+00:00,3198.74,3280.325,3153.91,3208.44,268020.0
2020-10-27 04:00:00+00:00,3222.97,3291.66,3211.885,3285.78,227901.0
2020-10-28 04:00:00+00:00,3249.3,3263.5,3165.14,3166.14,260190.0
2020-10-29 04:00:00+00:00,3201.0,3257.25,3164.98,3216.26,219300.0
2020-10-30 04:00:00+00:00,3157.47,3162.905,3019.21,3038.165,470419.0
2020-11-02 05:00:00+00:00,3061.83,3078.555,2952.915,3001.49,285908.0
2020-11-03 05:00:00+00:00,3018.53,3074.84,2981.03,3047.45,159060.0
2020-11-04 05:00:00+00:00,3161.32,3244.29,3139.73,3239.24,222420.0
2020-11-05 05:00:00+00:00,3318.68,3365.37,3290.3,3322.99,172286.0
2020-11-06 05:00:00+00:00,3304.64,3318.97,3235.15,3311.31,148923.0
2020-11-09 05:00:00+00:00,3231.03,3287.35,3112.2,3137.0,293417.0
2020-11-10 05:00:00+00:00,3096.06,3113.99,3019.79,3035.0,378961.0
2020-11-11 05:00:00+00:00,3062.34,3138.88,3052.31,3138.4,193014.0
2020-11-12 05:00:00+00:00,3155.75,3172.75,3089.09,3107.78,255034.0
2020-11-13 05:00:00+00:00,3126.08,3140.64,3086.065,3128.82,153454.0
2020-11-16 05:00:00+00:00,3085.0,3140.8,3075.94,3129.32,151844.0
2020-11-17 05:00:00+00:00,3180.53,3181.67,3135.615,3135.92,122299.0
2020-11-18 05:00:00+00:00,3134.51,3139.05,3105.25,3105.25,104027.0
2020-11-19 05:00:00+00:00,3106.0,3123.99,3080.92,3116.23,97947.0
2020-11-20 05:00:00+00:00,3120.0,3132.39,3098.66,3098.66,111060.0
2020-11-23 05:00:00+00:00,3118.98,3137.98,3067.2,3097.98,146910.0
2020-11-24 05:00:00+00:00,3101.515,3132.56,3087.15,3117.94,112405.0
2020-11-25 05:00:00+00:00,3141.78,3197.48,3141.78,3184.26,105079.0
2020-11-27 05:00:00+00:00,3209.49,3214.665,3191.36,3194.71,84983.0
2020-11-30 05:00:00+00:00,3207.15,3225.705,3125.995,3169.29,181212.0
2020-12-01 05:00:00+00:00,3186.8,3247.965,3157.35,3220.0,165812.0
2020-12-02 05:00:00+00:00,3221.65,3230.87,3175.1,3205.1,121114.0
2020-12-03 05:00:00+00:00,3205.44,3228.64,3181.71,3183.74,120583.0
2020-12-04 05:00:00+00:00,3192.68,3192.68,3158.91,3162.44,107331.0
2020-12-07 05:00:00+00:00,3154.59,3180.16,3141.745,3158.74,203762.0
2020-12-08 05:00:00+00:00,3156.75,3183.8,3120.5,3176.11,209635.0
2020-12-09 05:00:00+00:00,3167.88,3173.83,3088.14,3108.13,147410.0
2020-12-10 05:00:00+00:00,3088.99,3140.14,3076.915,3101.62,108292.0
2020-12-11 05:00:00+00:00,3097.0,3118.31,3073.47,3115.38,94864.0
2020-12-14 05:00:00+00:00,3143.0,3190.29,3126.17,3154.0,144557.0
2020-12-15 05:00:00+00:00,3181.0,3187.27,3133.0,3165.045,127017.0
2020-12-16 05:00:00+00:00,3176.24,3246.55,3163.68,3240.87,119256.0
2020-12-17 05:00:00+00:00,3249.035,3263.4,3223.62,3236.83,100313.0
2020-12-18 05:00:00+00:00,3243.9,3246.62,3171.64,3205.34,183705.0
2020-12-21 05:00:00+00:00,3200.01,3225.605,3168.215,3205.6,138903.0
2020-12-22 05:00:00+00:00,3202.05,3220.0,3180.88,3206.14,77389.0
2020-12-23 05:00:00+00:00,3204.17,3209.39,3184.835,3185.69,77479.0
2020-12-24 05:00:00+00:00,3189.41,3200.95,3169.63,3173.3,53718.0
2020-12-28 05:00:00+00:00,3193.415,3303.98,3172.69,3283.495,194352.0
2020-12-29 05:00:00+00:00,3309.83,3349.81,3283.43,3322.59,251604.0
2020-12-30 05:00:00+00:00,3340.25,3341.99,3282.79,3287.0,197134.0
2020-12-31 05:00:00+00:00,3272.7,3281.755,3242.0,3258.85,86939.0
2021-01-04 05:00:00+00:00,3266.95,3270.79,3145.03,3186.885,143766.0
2021-01-05 05:00:00+00:00,3168.01,3222.54,3168.01,3219.45,95105.0
2021-01-06 05:00:00+00:00,3145.95,3196.9,3132.0,3137.385,195511.0
2021-01-07 05:00:00+00:00,3157.0,3207.4,3156.01,3164.23,136576.0
2021-01-08 05:00:00+00:00,3181.65,3190.08,3143.21,3183.08,122622.0
2021-01-11 05:00:00+00:00,3146.32,3155.77,3110.0,3114.06,129272.0
2021-01-12 05:00:00+00:00,3118.02,3141.78,3086.19,3123.65,113158.0
2021-01-13 05:00:00+00:00,3127.755,3189.78,3123.19,3165.85,128939.0
2021-01-14 05:00:00+00:00,3166.13,3177.42,3120.87,3131.86,126416.0
2021-01-15 05:00:00+00:00,3128.78,3140.97,3097.4,3106.86,134657.0
2021-01-19 05:00:00+00:00,3107.0,3143.98,3097.13,3120.5,111877.0
2021-01-20 05:00:00+00:00,3183.3,3278.97,3176.215,3266.79,165006.0
2021-01-21 05:00:00+00:00,3294.265,3348.0,3290.305,3307.0,192991.0
2021-01-22 05:00:00+00:00,3302.87,3318.94,3284.9,3293.56,108617.0
2021-01-25 05:00:00+00:00,3329.45,3363.345,3246.23,3292.37,170502.0
2021-01-26 05:00:00+00:00,3293.14,3337.82,3283.29,3327.0,117620.0
2021-01-27 05:00:00+00:00,3344.34,3344.34,3209.5,3234.75,166098.0
2021-01-28 05:00:00+00:00,3235.01,3301.595,3234.75,3236.0,139212.0
2021-01-29 05:00:00+00:00,3223.885,3235.86,3186.06,3203.235,136171.0
2021-02-01 05:00:00+00:00,3241.2,3350.0,3240.24,3340.6,122624.0
2021-02-02 05:00:00+00:00,3380.98,3424.0,3362.69,3380.05,191191.0
2021-02-03 05:00:00+00:00,3425.765,3433.87,3309.34,3310.15,295138.0
2021-02-04 05:00:00+00:00,3327.385,3340.0,3278.41,3329.415,138631.0
2021-02-05 05:00:00+00:00,3320.0,3376.42,3303.68,3352.01,145894.0
2021-02-08 05:00:00+00:00,3355.0,3362.28,3304.245,3323.0,135364.0
2021-02-09 05:00:00+00:00,3311.61,3333.41,3300.01,3304.79,88594.0
2021-02-10 05:00:00+00:00,3314.53,3316.49,3256.745,3285.66,114273.0
2021-02-11 05:00:00+00:00,3289.14,3289.14,3249.9,3260.71,112476.0
2021-02-12 05:00:00+00:00,3247.16,3279.84,3238.57,3278.99,101688.0
2021-02-16 05:00:00+00:00,3258.7,3306.1,3254.01,3270.23,75795.0
2021-02-17 05:00:00+00:00,3263.6,3320.565,3260.18,3310.57,130961.0
2021-02-18 05:00:00+00:00,3288.19,3337.67,3273.94,3328.7,113919.0
2021-02-19 05:00:00+00:00,3328.29,3332.54,3246.22,3249.63,142734.0
2021-02-22 05:00:00+00:00,3208.9,3229.74,3173.41,3181.22,123932.0
2021-02-23 05:00:00+00:00,3131.615,3204.06,3095.015,3196.05,163895.0
2021-02-24 05:00:00+00:00,3168.85,3169.36,3125.965,3159.68,149473.0
2021-02-25 05:00:00+00:00,3143.63,3177.49,3048.98,3061.79,179946.0
2021-02-26 05:00:00+00:00,3096.77,3120.77,3038.04,3095.62,242563.0
2021-03-01 05:00:00+00:00,3127.3,3148.92,3098.8,3147.09,138215.0
2021-03-02 05:00:00+00:00,3143.95,3161.97,3087.84,3092.74,141110.0
2021-03-03 05:00:00+00:00,3081.18,3102.41,2995.07,3005.1,167324.0
2021-03-04 05:00:00+00:00,3013.51,3057.56,2947.505,2977.24,220315.0
2021-03-05 05:00:00+00:00,3003.33,3007.58,2882.97,2999.27,179121.0
2021-03-08 05:00:00+00:00,3013.55,3062.57,2952.8,2953.15,237157.0
2021-03-09 05:00:00+00:00,3018.225,3089.565,3005.7,3061.465,175058.0
2021-03-10 05:00:00+00:00,3096.5,3109.36,3030.875,3056.18,136197.0
2021-03-11 05:00:00+00:00,3104.01,3129.26,3084.42,3117.27,129812.0
2021-03-12 05:00:00+00:00,3069.8,3097.96,3048.64,3088.73,103948.0
2021-03-15 04:00:00+00:00,3072.0,3080.9,3036.2,3079.11,116855.0
2021-03-16 04:00:00+00:00,3102.03,3128.41,3079.16,3091.28,104043.0
2021-03-17 04:00:00+00:00,3075.195,3173.05,3075.06,3134.8,128359.0
2021-03-18 04:00:00+00:00,3098.75,3112.285,3025.04,3029.64,180740.0
2021-03-19 04:00:00+00:00,3034.33,3076.72,3019.27,3075.5,164654.0
2021-03-22 04:00:00+00:00,3068.88,3124.98,3068.88,3109.88,116260.0
2021-03-23 04:00:00+00:00,3129.8,3181.4,3123.505,3135.92,146739.0
2021-03-24 04:00:00+00:00,3151.71,3159.375,3086.3,3090.85,140848.0
2021-03-25 04:00:00+00:00,3068.905,3109.14,3037.76,3049.0,144975.0
2021-03-26 04:00:00+00:00,3045.0,3055.6,3000.31,3053.295,116377.0
2021-03-29 04:00:00+00:00,3054.02,3090.09,3029.74,3071.7,95742.0
2021-03-30 04:00:00+00:00,3070.13,3072.65,3035.64,3050.0,106023.0
2021-03-31 04:00:00+00:00,3069.11,3118.16,3063.74,3095.14,126953.0
2021-04-01 04:00:00+00:00,3119.34,3161.78,3116.99,3160.91,124619.0
2021-04-05 04:00:00+00:00,3169.93,3234.59,3161.51,3227.63,120099.0
2021-04-06 04:00:00+00:00,3224.14,3247.07,3218.18,3225.72,88445.0
2021-04-07 04:00:00+00:00,3232.27,3303.19,3226.05,3280.25,121597.0
2021-04-08 04:00:00+00:00,3306.0,3323.75,3294.31,3297.89,129674.0
2021-04-09 04:00:00+00:00,3301.8,3371.96,3290.0,3370.0,154422.0
2021-04-12 04:00:00+00:00,3357.105,3395.04,3352.32,3379.17,130628.0
2021-04-13 04:00:00+00:00,3397.6,3429.94,3396.04,3398.1,70762.0
2021-04-14 04:00:00+00:00,3400.0,3400.0,3326.64,3333.56,156981.0
2021-04-15 04:00:00+00:00,3370.67,3395.94,3353.73,3379.98,170546.0
2021-04-16 04:00:00+00:00,3383.55,3405.82,3355.96,3397.62,123925.0
2021-04-19 04:00:00+00:00,3390.7,3434.9,3360.38,3371.31,104117.0
2021-04-20 04:00:00+00:00,3372.375,3380.65,3316.35,3330.67,138884.0
2021-04-21 04:00:00+00:00,3323.35,3362.2,3305.58,3361.85,91027.0
2021-04-22 04:00:00+00:00,3369.0,3371.94,3302.6,3308.61,118519.0
2021-04-23 04:00:00+00:00,3318.0,3373.325,3310.58,3338.95,114575.0
2021-04-26 04:00:00+00:00,3348.25,3428.0,3332.8,3408.84,321245.0
2021-04-27 04:00:00+00:00,3443.86,3459.94,3398.8,3418.0,108355.0
2021-04-28 04:00:00+00:00,3440.0,3489.265,3425.23,3459.18,211597.0
2021-04-29 04:00:00+00:00,3504.9,3513.35,3436.87,3470.81,272658.0
2021-04-30 04:00:00+00:00,3526.66,3551.905,3463.43,3466.69,303257.0
2021-05-03 04:00:00+00:00,3484.37,3486.04,3372.89,3386.85,251345.0
2021-05-04 04:00:00+00:00,3346.21,3362.51,3273.4,3313.48,234435.0
2021-05-05 04:00:00+00:00,3337.15,3352.575,3265.01,3270.02,145581.0
2021-05-06 04:00:00+00:00,3269.01,3313.64,3248.25,3305.88,168786.0
2021-05-07 04:00:00+00:00,3325.2,3330.39,3290.92,3291.5,163736.0
2021-05-10 04:00:00+00:00,3281.525,3282.24,3190.01,3190.01,248847.0
2021-05-11 04:00:00+00:00,3133.82,3237.18,3129.19,3226.22,173747.0
2021-05-12 04:00:00+00:00,3183.505,3205.19,3133.6,3155.0,230191.0
2021-05-13 04:00:00+00:00,3188.88,3202.195,3133.88,3162.18,161718.0
2021-05-14 04:00:00+00:00,3188.12,3228.47,3187.96,3225.58,240304.0
2021-05-17 04:00:00+00:00,3245.58,3290.225,3236.4,3271.1,182885.0
2021-05-18 04:00:00+00:00,3288.4,3311.24,3231.18,3232.755,167997.0
2021-05-19 04:00:00+00:00,3195.56,3234.75,3186.99,3233.17,151236.0
2021-05-20 04:00:00+00:00,3245.87,3258.8,3236.28,3248.06,131518.0
2021-05-21 04:00:00+00:00,3255.6,3255.6,3197.09,3201.515,165274.0
2021-05-24 04:00:00+00:00,3213.715,3257.35,3213.715,3243.58,106808.0
2021-05-25 04:00:00+00:00,3268.59,3278.95,3214.67,3259.25,160870.0
2021-05-26 04:00:00+00:00,3272.36,3295.62,3259.6,3266.275,115954.0
2021-05-27 04:00:00+00:00,3256.23,3259.51,3234.29,3234.29,109719.0
2021-05-28 04:00:00+00:00,3241.18,3246.66,3219.94,3224.26,107362.0
2021-06-01 04:00:00+00:00,3243.52,3247.96,3211.69,3218.8,115355.0
2021-06-02 04:00:00+00:00,3221.4,3234.89,3208.83,3233.3,102746.0
2021-06-03 04:00:00+00:00,3204.23,3213.21,3184.33,3187.37,144714.0
2021-06-04 04:00:00+00:00,3212.01,3218.0,3198.81,3205.77,86111.0
2021-06-07 04:00:00+00:00,3198.04,3205.84,3175.41,3199.88,116894.0
2021-06-08 04:00:00+00:00,3221.96,3279.21,3219.52,3266.33,127526.0
2021-06-09 04:00:00+00:00,3272.87,3296.94,3272.72,3280.845,131135.0
2021-06-10 04:00:00+00:00,3284.87,3350.475,3284.34,3350.475,142680.0
2021-06-11 04:00:00+00:00,3349.4,3365.98,3333.74,3345.21,130414.0
2021-06-14 04:00:00+00:00,3346.83,3382.76,3336.38,3382.76,83775.0
2021-06-15 04:00:00+00:00,3380.415,3395.66,3363.545,3381.73,104319.0
2021-06-16 04:00:00+00:00,3390.12,3425.485,3363.61,3414.82,189739.0
2021-06-17 04:00:00+00:00,3403.285,3496.87,3403.285,3491.9,192200.0
2021-06-18 04:00:00+00:00,3479.99,3506.28,3474.01,3485.94,199851.0
2021-06-21 04:00:00+00:00,3476.18,3481.43,3436.2,3454.47,133796.0
2021-06-22 04:00:00+00:00,3461.7,3523.45,3461.7,3502.93,122829.0
2021-06-23 04:00:00+00:00,3504.255,3519.96,3483.2,3504.34,156223.0
2021-06-24 04:00:00+00:00,3514.49,3522.505,3431.0,3449.54,170397.0
2021-06-25 04:00:00+00:00,3463.9,3463.9,3395.375,3405.0,180173.0
2021-06-28 04:00:00+00:00,3416.5,3447.495,3414.42,3443.83,109859.0
2021-06-29 04:00:00+00:00,3439.5,3455.2,3424.365,3446.25,84909.0
2021-06-30 04:00:00+00:00,3443.635,3471.35,3438.72,3439.855,96336.0
2021-07-01 04:00:00+00:00,3435.31,3455.8,3409.5,3432.03,84118.0
2021-07-02 04:00:00+00:00,3448.53,3511.63,3438.88,3511.63,86272.0
2021-07-06 04:00:00+00:00,3531.2,3684.93,3529.4,3677.0,223306.0
2021-07-07 04:00:00+00:00,3718.0,3733.24,3682.55,3695.22,205914.0
2021-07-08 04:00:00+00:00,3639.595,3758.545,3621.51,3730.09,232778.0
2021-07-09 04:00:00+00:00,3720.74,3744.0,3694.65,3718.8,174552.0
2021-07-12 04:00:00+00:00,3737.47,3755.39,3698.15,3716.86,102806.0
2021-07-13 04:00:00+00:00,3705.0,3771.45,3672.68,3676.88,135819.0
2021-07-14 04:00:00+00:00,3709.815,3715.67,3662.375,3681.105,87617.0
2021-07-15 04:00:00+00:00,3691.93,3693.14,3622.5,3630.19,133068.0
2021-07-16 04:00:00+00:00,3636.865,3644.94,3570.92,3572.155,204637.0
2021-07-19 04:00:00+00:00,3530.355,3549.3,3505.01,3549.26,117271.0
2021-07-20 04:00:00+00:00,3566.69,3590.75,3519.41,3575.04,112668.0
2021-07-21 04:00:00+00:00,3576.7,3585.49,3544.65,3585.005,63924.0
2021-07-22 04:00:00+00:00,3587.23,3639.76,3584.025,3638.57,87131.0
2021-07-23 04:00:00+00:00,3642.925,3666.0,3625.2,3655.15,100880.0
2021-07-26 04:00:00+00:00,3673.82,3710.47,3652.17,3701.0,121379.0
2021-07-27 04:00:00+00:00,3693.53,3693.53,3588.27,3628.79,228335.0
2021-07-28 04:00:00+00:00,3639.0,3657.34,3601.31,3629.53,141421.0
2021-07-29 04:00:00+00:00,3628.795,3637.39,3580.01,3599.3,197305.0
2021-07-30 04:00:00+00:00,3343.48,3368.04,3307.9,3326.24,435912.0
2021-08-02 04:00:00+00:00,3354.03,3357.77,3317.295,3332.68,144961.0
2021-08-03 04:00:00+00:00,3342.8,3389.43,3300.0,3368.88,144874.0
2021-08-04 04:00:00+00:00,3379.26,3385.45,3345.78,3354.93,141396.0
2021-08-05 04:00:00+00:00,3357.66,3388.27,3342.765,3376.02,87360.0
2021-08-06 04:00:00+00:00,3371.77,3371.77,3329.825,3343.855,160958.0
2021-08-09 04:00:00+00:00,3349.1,3353.695,3329.355,3343.08,80309.0
2021-08-10 04:00:00+00:00,3344.66,3357.225,3315.01,3320.43,70191.0
2021-08-11 04:00:00+00:00,3330.41,3333.91,3278.49,3291.62,128010.0
2021-08-12 04:00:00+00:00,3292.1,3314.08,3271.09,3303.51,100745.0
2021-08-13 04:00:00+00:00,3296.0,3300.3,3283.79,3293.98,109759.0
2021-08-16 04:00:00+00:00,3283.6,3299.55,3213.43,3298.98,133383.0
2021-08-17 04:00:00+00:00,3278.63,3278.63,3225.68,3242.77,116710.0
2021-08-18 04:00:00+00:00,3242.04,3252.41,3200.0,3201.25,90431.0
2021-08-19 04:00:00+00:00,3196.9,3230.46,3182.765,3186.5,135905.0
2021-08-20 04:00:00+00:00,3194.755,3206.72,3175.76,3200.64,131491.0
2021-08-23 04:00:00+00:00,3215.96,3280.42,3212.87,3266.6,100546.0
2021-08-24 04:00:00+00:00,3284.59,3314.79,3275.12,3306.54,110559.0
2021-08-25 04:00:00+00:00,3311.915,3319.5,3286.83,3300.11,57707.0
2021-08-26 04:00:00+00:00,3301.32,3331.04,3296.43,3315.81,132963.0
2021-08-27 04:00:00+00:00,3328.28,3351.6,3313.75,3349.845,112968.0
2021-08-30 04:00:00+00:00,3360.1,3444.39,3360.1,3421.16,99676.0
2021-08-31 04:00:00+00:00,3425.27,3472.0,3399.8,3471.98,130168.0
2021-09-01 04:00:00+00:00,3498.99,3526.1,3475.83,3477.87,122308.0
2021-09-02 04:00:00+00:00,3493.4,3510.99,3456.45,3461.66,117712.0
2021-09-03 04:00:00+00:00,3449.64,3482.58,3438.995,3480.0,138688.0
2021-09-07 04:00:00+00:00,3478.2,3527.51,3477.27,3509.29,102501.0
2021-09-08 04:00:00+00:00,3510.35,3542.99,3496.46,3526.24,121379.0
2021-09-09 04:00:00+00:00,3541.69,3548.43,3481.24,3483.48,101427.0
2021-09-10 04:00:00+00:00,3498.51,3507.26,3464.03,3470.175,82644.0
2021-09-13 04:00:00+00:00,3486.31,3496.88,3442.94,3458.2,73125.0
2021-09-14 04:00:00+00:00,3475.85,3482.99,3437.85,3451.44,73195.0
2021-09-15 04:00:00+00:00,3444.36,3484.93,3403.58,3477.0,115525.0
2021-09-16 04:00:00+00:00,3459.0,3492.02,3446.99,3488.74,99367.0
2021-09-17 04:00:00+00:00,3486.28,3496.55,3452.48,3461.67,140218.0
2021-09-20 04:00:00+00:00,3395.985,3415.0,3305.41,3358.1,196028.0
2021-09-21 04:00:00+00:00,3372.235,3377.205,3332.9,3344.5,137645.0
2021-09-22 04:00:00+00:00,3352.28,3388.18,3341.99,3381.49,99941.0
2021-09-23 04:00:00+00:00,3383.74,3427.97,3382.91,3414.62,99197.0
2021-09-24 04:00:00+00:00,3400.55,3428.99,3394.04,3425.43,70155.0
2021-09-27 04:00:00+00:00,3373.5,3415.18,3343.97,3405.8,126936.0
2021-09-28 04:00:00+00:00,3357.76,3366.52,3293.5,3319.0,177123.0
2021-09-29 04:00:00+00:00,3325.5,3348.46,3298.49,3300.38,88868.0
2021-09-30 04:00:00+00:00,3316.96,3327.0,3275.89,3285.05,118163.0
2021-10-01 04:00:00+00:00,3292.56,3307.01,3256.24,3279.39,126986.0
2021-10-04 04:00:00+00:00,3277.325,3277.325,3177.0,3191.66,135602.0
2021-10-05 04:00:00+00:00,3205.0,3258.02,3203.2,3218.6,106670.0
2021-10-06 04:00:00+00:00,3209.74,3264.205,3199.06,3263.78,94355.0
2021-10-07 04:00:00+00:00,3292.08,3324.12,3285.6,3301.05,69134.0
2021-10-08 04:00:00+00:00,3317.85,3318.65,3288.37,3288.94,51882.0
2021-10-11 04:00:00+00:00,3275.96,3291.1,3239.64,3246.655,68015.0
2021-10-12 04:00:00+00:00,3257.28,3264.96,3237.3,3247.41,70878.0
2021-10-13 04:00:00+00:00,3269.64,3287.0,3261.51,3284.455,76579.0
2021-10-14 04:00:00+00:00,3301.83,3312.44,3291.345,3299.39,68606.0
2021-10-15 04:00:00+00:00,3306.88,3410.25,3304.53,3409.83,156745.0
2021-10-18 04:00:00+00:00,3388.44,3448.97,3386.705,3447.185,88132.0
2021-10-19 04:00:00+00:00,3435.91,3454.01,3422.96,3443.04,75400.0
2021-10-20 04:00:00+00:00,3452.495,3460.5,3400.45,3414.68,88989.0
2021-10-21 04:00:00+00:00,3413.16,3439.305,3405.56,3436.21,76502.0
2021-10-22 04:00:00+00:00,3419.47,3429.46,3332.31,3334.97,115203.0
2021-10-25 04:00:00+00:00,3336.0,3345.92,3297.76,3321.95,144669.0
2021-10-26 04:00:00+00:00,3351.0,3414.0,3347.4,3375.47,71310.0
2021-10-27 04:00:00+00:00,3391.1,3436.155,3373.0,3393.24,141038.0
2021-10-28 04:00:00+00:00,3403.03,3478.355,3389.11,3449.85,231022.0
2021-10-29 04:00:00+00:00,3300.02,3374.82,3274.0,3372.01,244000.0
2021-11-01 04:00:00+00:00,3365.55,3375.215,3292.235,3318.0,140325.0
2021-11-02 04:00:00+00:00,3315.0,3328.375,3283.7,3313.1,113185.0
2021-11-03 04:00:00+00:00,3309.5,3393.33,3298.26,3383.78,110487.0
2021-11-04 04:00:00+00:00,3369.76,3497.91,3366.94,3476.64,203222.0
2021-11-05 04:00:00+00:00,3477.88,3564.935,3477.88,3518.98,195083.0
2021-11-08 05:00:00+00:00,3525.32,3578.35,3488.72,3488.87,67477.0
2021-11-09 05:00:00+00:00,3515.725,3593.365,3502.31,3577.65,157236.0
2021-11-10 05:00:00+00:00,3563.21,3603.5,3463.83,3482.45,161018.0
2021-11-11 05:00:00+00:00,3513.01,3541.71,3468.65,3471.83,67067.0
2021-11-12 05:00:00+00:00,3484.0,3538.75,3448.02,3527.23,96410.0
2021-11-15 05:00:00+00:00,3537.5,3591.0,3528.01,3545.7,90414.0
2021-11-16 05:00:00+00:00,3548.87,3574.99,3529.46,3540.7,66220.0
2021-11-17 05:00:00+00:00,3564.99,3585.21,3546.605,3550.73,93113.0
2021-11-18 05:00:00+00:00,3562.75,3703.75,3562.75,3698.99,188616.0
2021-11-19 05:00:00+00:00,3708.06,3758.65,3676.71,3677.3,160341.0
2021-11-22 05:00:00+00:00,3675.5,3712.07,3569.56,3572.83,146469.0
2021-11-23 05:00:00+00:00,3585.445,3616.35,3531.57,3582.84,101857.0
2021-11-24 05:00:00+00:00,3567.0,3613.03,3540.925,3579.72,80610.0
2021-11-26 05:00:00+00:00,3602.185,3625.805,3504.68,3512.96,89967.0
2021-11-29 05:00:00+00:00,3544.84,3594.885,3535.02,3559.63,111597.0
2021-11-30 05:00:00+00:00,3571.08,3584.305,3493.88,3506.21,148239.0
2021-12-01 05:00:00+00:00,3546.16,3558.5,3444.29,3444.29,152481.0
2021-12-02 05:00:00+00:00,3458.705,3490.88,3426.01,3440.25,135580.0
2021-12-03 05:00:00+00:00,3455.8,3465.95,3343.78,3392.72,180786.0
2021-12-06 05:00:00+00:00,3392.76,3470.91,3340.89,3428.85,169069.0
2021-12-07 05:00:00+00:00,3498.3,3548.25,3467.165,3521.44,131137.0
2021-12-08 05:00:00+00:00,3527.0,3540.645,3499.63,3523.47,74119.0
2021-12-09 05:00:00+00:00,3515.9,3538.045,3483.01,3483.01,68333.0
2021-12-10 05:00:00+00:00,3508.59,3517.1,3410.33,3445.515,101892.0
2021-12-13 05:00:00+00:00,3434.41,3434.41,3384.485,3392.15,87648.0
2021-12-14 05:00:00+00:00,3352.505,3386.12,3329.365,3383.63,118138.0
2021-12-15 05:00:00+00:00,3373.67,3471.2,3305.49,3467.56,157362.0
2021-12-16 05:00:00+00:00,3465.86,3482.515,3365.58,3380.43,127345.0
2021-12-17 05:00:00+00:00,3352.915,3416.08,3314.98,3400.5,120873.0
2021-12-20 05:00:00+00:00,3332.485,3354.555,3313.385,3341.95,91162.0
2021-12-21 05:00:00+00:00,3361.8,3413.34,3313.28,3409.02,99792.0
2021-12-22 05:00:00+00:00,3385.395,3439.58,3373.355,3420.12,104581.0
2021-12-23 05:00:00+00:00,3407.2,3438.665,3406.6,3419.77,72725.0
2021-12-27 05:00:00+00:00,3420.37,3456.61,3385.745,3392.12,81079.0
2021-12-28 05:00:00+00:00,3405.4,3441.21,3384.665,3414.46,81076.0
2021-12-29 05:00:00+00:00,3412.62,3414.89,3374.59,3384.02,58562.0
2021-12-30 05:00:00+00:00,3393.96,3415.6,3371.25,3372.99,54456.0
2021-12-31 05:00:00+00:00,3378.61,3382.0,3331.87,3335.59,75354.0
2022-01-03 05:00:00+00:00,3354.79,3413.44,3324.85,3407.12,121685.0
2022-01-04 05:00:00+00:00,3412.885,3427.41,3327.0,3352.32,149043.0
2022-01-05 05:00:00+00:00,3339.95,3340.42,3287.98,3288.92,155584.0
2022-01-06 05:00:00+00:00,3269.68,3291.0,3238.93,3266.0,119965.0
2022-01-07 05:00:00+00:00,3280.275,3302.38,3242.07,3252.485,120545.0
2022-01-10 05:00:00+00:00,3212.93,3233.22,3128.64,3229.94,207423.0
2022-01-11 05:00:00+00:00,3233.7,3325.35,3215.28,3307.36,138477.0
2022-01-12 05:00:00+00:00,3325.64,3334.97,3291.05,3305.22,78999.0
2022-01-13 05:00:00+00:00,3291.91,3323.655,3222.47,3227.58,117167.0
2022-01-14 05:00:00+00:00,3203.78,3243.69,3197.17,3242.55,104583.0
2022-01-18 05:00:00+00:00,3187.6,3193.04,3153.29,3180.46,131293.0
2022-01-19 05:00:00+00:00,3183.155,3183.155,3125.3,3126.19,107659.0
2022-01-20 05:00:00+00:00,3135.01,3158.45,3027.81,3032.73,228114.0
2022-01-21 05:00:00+00:00,3000.36,3017.32,2842.33,2852.6,429449.0
2022-01-24 05:00:00+00:00,2779.315,2894.0,2708.925,2892.13,433672.0
2022-01-25 05:00:00+00:00,2853.785,2868.68,2765.715,2802.89,234099.0
2022-01-26 05:00:00+00:00,2897.2,2901.15,2747.8,2783.65,270665.0
2022-01-27 05:00:00+00:00,2810.765,2883.0,2791.74,2794.74,194598.0
2022-01-28 05:00:00+00:00,2815.835,2879.96,2760.36,2879.96,202470.0
2022-01-31 05:00:00+00:00,2895.51,2994.88,2890.115,2990.91,213528.0
2022-02-01 05:00:00+00:00,3001.99,3033.69,2957.31,3023.3,130348.0
2022-02-02 05:00:00+00:00,3100.02,3101.5,2979.89,3011.29,221820.0
2022-02-03 05:00:00+00:00,2832.01,2883.65,2766.66,2777.02,516246.0
2022-02-04 05:00:00+00:00,3108.65,3222.96,3015.02,3151.0,744729.0
2022-02-07 05:00:00+00:00,3168.6,3252.32,3147.84,3158.52,246679.0
2022-02-08 05:00:00+00:00,3142.21,3235.02,3111.93,3228.18,199583.0
2022-02-09 05:00:00+00:00,3258.21,3268.83,3205.0,3223.0,148030.0
2022-02-10 05:00:00+00:00,3163.25,3212.0,3160.02,3181.15,186041.0
2022-02-11 05:00:00+00:00,3172.595,3179.93,3054.675,3062.71,198572.0
2022-02-14 05:00:00+00:00,3037.8,3167.49,3037.8,3106.74,171236.0
2022-02-15 05:00:00+00:00,3152.14,3154.86,3093.44,3129.27,122180.0
2022-02-16 05:00:00+00:00,3116.47,3175.33,3094.69,3162.81,155782.0
2022-02-17 05:00:00+00:00,3162.45,3204.47,3090.69,3093.9,162596.0
2022-02-18 05:00:00+00:00,3108.54,3108.54,3018.53,3053.42,146973.0
2022-02-22 05:00:00+00:00,3019.96,3059.18,2969.73,3004.9,170742.0
2022-02-23 05:00:00+00:00,3034.0,3034.0,2893.6,2897.69,179758.0
2022-02-24 05:00:00+00:00,2796.335,3034.17,2792.67,3025.33,269744.0
2022-02-25 05:00:00+00:00,3011.14,3076.98,2985.0,3076.59,153198.0
2022-02-28 05:00:00+00:00,3049.47,3088.94,3018.34,3067.47,115772.0
2022-03-01 05:00:00+00:00,3055.2,3076.98,3002.485,3021.975,128422.0
2022-03-02 05:00:00+00:00,3017.66,3058.87,2975.21,3040.28,137778.0
2022-03-03 05:00:00+00:00,3071.1,3076.355,2938.18,2958.42,171480.0
2022-03-04 05:00:00+00:00,2950.94,2955.2,2876.34,2911.69,180870.0
2022-03-07 05:00:00+00:00,2908.705,2921.8,2748.33,2748.33,230440.0
2022-03-08 05:00:00+00:00,2735.6,2813.035,2673.27,2720.25,212795.0
2022-03-09 05:00:00+00:00,2789.34,2802.99,2736.57,2784.14,191335.0
2022-03-10 05:00:00+00:00,2913.5,2971.98,2880.04,2936.23,299557.0
2022-03-11 05:00:00+00:00,2991.75,2991.75,2907.55,2907.55,151915.0
2022-03-14 04:00:00+00:00,2910.275,2945.0,2817.69,2837.64,189133.0
2022-03-15 04:00:00+00:00,2857.895,2959.21,2843.39,2947.63,190114.0
2022-03-16 04:00:00+00:00,2976.445,3062.71,2949.93,3062.71,186298.0
2022-03-17 04:00:00+00:00,3052.99,3147.5,3043.71,3147.5,188992.0
2022-03-18 04:00:00+00:00,3140.0,3230.7,3125.665,3225.2,149057.0
2022-03-21 04:00:00+00:00,3222.415,3259.5,3192.88,3229.29,141050.0
2022-03-22 04:00:00+00:00,3237.5,3322.2,3236.0,3298.5,126546.0
2022-03-23 04:00:00+00:00,3277.36,3325.505,3254.0,3268.03,137354.0
2022-03-24 04:00:00+00:00,3274.99,3276.3,3204.73,3273.14,146456.0
2022-03-25 04:00:00+00:00,3281.9,3304.77,3250.685,3297.31,95877.0
2022-03-28 04:00:00+00:00,3299.0,3379.98,3298.995,3379.98,119823.0
2022-03-29 04:00:00+00:00,3410.28,3416.23,3360.23,3386.29,145432.0
2022-03-30 04:00:00+00:00,3374.025,3377.36,3310.1,3325.72,127722.0
2022-03-31 04:00:00+00:00,3328.895,3328.895,3262.66,3264.99,137217.0
2022-04-01 04:00:00+00:00,3282.0,3316.17,3248.37,3270.32,139101.0
2022-04-04 04:00:00+00:00,3287.78,3366.88,3264.11,3366.7,118636.0
2022-04-05 04:00:00+00:00,3355.28,3356.0,3266.58,3281.1,148842.0
2022-04-06 04:00:00+00:00,3225.76,3240.755,3147.66,3174.92,195727.0
2022-04-07 04:00:00+00:00,3175.97,3200.93,3090.73,3156.44,207547.0
2022-04-08 04:00:00+00:00,3135.1,3139.375,3086.235,3090.31,117937.0
2022-04-11 04:00:00+00:00,3050.735,3077.99,3010.69,3024.49,137707.0
2022-04-12 04:00:00+00:00,3075.995,3099.885,3009.33,3015.12,148120.0
2022-04-13 04:00:00+00:00,3002.08,3119.33,2995.06,3112.23,148090.0
2022-04-14 04:00:00+00:00,3107.8,3109.37,3029.69,3033.94,111263.0
2022-04-18 04:00:00+00:00,3040.0,3080.12,3007.46,3055.83,88140.0
2022-04-19 04:00:00+00:00,3038.0,3171.99,3036.6,3165.53,133689.0
2022-04-20 04:00:00+00:00,3143.6,3143.6,3073.495,3080.6,165025.0
2022-04-21 04:00:00+00:00,3095.0,3132.33,2951.79,2968.09,150594.0
2022-04-22 04:00:00+00:00,2965.91,2988.87,2874.58,2886.06,171627.0
2022-04-25 04:00:00+00:00,2873.675,2923.735,2848.02,2921.29,133851.0
2022-04-26 04:00:00+00:00,2895.17,2895.17,2780.99,2789.0,173608.0
2022-04-27 04:00:00+00:00,2802.8,2833.85,2719.68,2760.97,180674.0
2022-04-28 04:00:00+00:00,2843.56,2917.965,2810.07,2892.03,304946.0
2022-04-29 04:00:00+00:00,2596.98,2614.355,2432.87,2485.625,673444.0
2022-05-02 04:00:00+00:00,2446.5,2492.8,2372.33,2488.6,385228.0
2022-05-03 04:00:00+00:00,2467.64,2523.4,2457.035,2485.98,246070.0
2022-05-04 04:00:00+00:00,2470.2,2519.99,2384.57,2517.42,323762.0
2022-05-05 04:00:00+00:00,2464.25,2464.25,2302.41,2328.425,390238.0
2022-05-06 04:00:00+00:00,2298.4,2377.79,2262.0,2296.68,394325.0
2022-05-09 04:00:00+00:00,2228.4,2278.18,2159.53,2177.62,366438.0
2022-05-10 04:00:00+00:00,2227.98,2250.77,2144.46,2179.14,267590.0
2022-05-11 04:00:00+00:00,2159.7,2202.06,2089.21,2108.96,338938.0
2022-05-12 04:00:00+00:00,2052.0,2215.615,2048.11,2140.0,336503.0
2022-05-13 04:00:00+00:00,2182.555,2263.05,2160.01,2261.0,234635.0
2022-05-16 04:00:00+00:00,2262.87,2278.435,2209.2,2217.09,188790.0
2022-05-17 04:00:00+00:00,2266.2,2315.565,2229.04,2307.61,230731.0
2022-05-18 04:00:00+00:00,2229.575,2255.16,2125.645,2144.4,342167.0
2022-05-19 04:00:00+00:00,2127.99,2198.87,2125.635,2146.04,227829.0
2022-05-20 04:00:00+00:00,2192.41,2194.94,2101.34,2152.27,192228.0
2022-05-23 04:00:00+00:00,2162.31,2173.37,2079.9,2151.14,231713.0
2022-05-24 04:00:00+00:00,2080.04,2107.86,2025.2,2082.62,269577.0
2022-05-25 04:00:00+00:00,2076.1,2162.775,2074.24,2137.02,254818.0
2022-05-26 04:00:00+00:00,2159.4,2252.39,2152.785,2221.53,236588.0
2022-05-27 04:00:00+00:00,2271.21,2303.73,2253.2,2303.73,191576.0
2022-05-31 04:00:00+00:00,2329.5,2437.59,2317.4,2404.63,276209.0
2022-06-01 04:00:00+00:00,2444.36,2501.745,2413.65,2433.79,225195.0
2022-06-02 04:00:00+00:00,2427.75,2512.08,2401.97,2511.7,219328.0
2022-06-03 04:00:00+00:00,2476.76,2487.01,2421.08,2446.41,181333.0
2022-06-06 04:00:00+00:00,125.345,128.98,123.82,124.79,3069193.0
2022-06-07 04:00:00+00:00,121.82,124.07,120.655,123.0,2169614.0
2022-06-08 04:00:00+00:00,122.67,123.75,120.76,121.1,1137057.0
2022-06-09 04:00:00+00:00,119.9,121.245,116.1,116.16,1561468.0
2022-06-10 04:00:00+00:00,113.3,114.5,109.08,109.65,1654648.0
2022-06-13 04:00:00+00:00,104.14,106.44,101.88,103.8,2156425.0
2022-06-14 04:00:00+00:00,104.22,104.83,101.445,102.35,1649396.0
2022-06-15 04:00:00+00:00,103.78,109.055,103.58,107.66,1651564.0
2022-06-16 04:00:00+00:00,104.48,104.575,102.01,103.77,1356906.0
2022-06-17 04:00:00+00:00,102.705,106.98,102.705,106.205,1582473.0
2022-06-21 04:00:00+00:00,108.12,111.61,107.92,108.68,1860206.0
2022-06-22 04:00:00+00:00,107.36,112.1,107.07,108.93,1066253.0
2022-06-23 04:00:00+00:00,110.32,113.0,107.99,112.43,1148407.0
2022-06-24 04:00:00+00:00,112.405,116.7,111.5,116.7,1118584.0
2022-06-27 04:00:00+00:00,117.125,117.98,112.72,113.24,1402749.0
2022-06-28 04:00:00+00:00,113.47,114.85,107.13,107.39,2237992.0
2022-06-29 04:00:00+00:00,107.36,110.99,106.92,108.92,1781096.0
2022-06-30 04:00:00+00:00,108.05,108.06,102.53,106.42,2441585.0
2022-07-01 04:00:00+00:00,106.52,109.75,105.87,109.56,1726055.0
2022-07-05 04:00:00+00:00,107.59,114.07,106.34,113.51,1563730.0
2022-07-06 04:00:00+00:00,113.21,115.48,112.02,114.375,1228793.0
2022-07-07 04:00:00+00:00,113.83,116.99,113.5,116.3,1187091.0
2022-07-08 04:00:00+00:00,114.58,116.56,113.7,115.54,1336992.0
2022-07-11 04:00:00+00:00,114.12,114.15,110.885,111.78,1032210.0
2022-07-12 04:00:00+00:00,112.01,113.17,108.37,109.25,1354605.0
2022-07-13 04:00:00+00:00,106.95,111.75,106.02,110.39,1238411.0
2022-07-14 04:00:00+00:00,110.22,111.17,107.6,110.62,1209889.0
2022-07-15 04:00:00+00:00,112.46,115.56,111.6,113.49,2067007.0
2022-07-18 04:00:00+00:00,115.06,117.23,113.16,113.75,1112721.0
2022-07-19 04:00:00+00:00,115.66,118.93,114.04,118.18,1817618.0
2022-07-20 04:00:00+00:00,118.69,123.47,118.34,122.79,1851376.0
2022-07-21 04:00:00+00:00,123.14,124.835,121.33,124.68,1516825.0
2022-07-22 04:00:00+00:00,124.99,125.47,121.36,122.42,1354702.0
2022-07-25 04:00:00+00:00,122.735,123.63,120.04,121.14,1438698.0
2022-07-26 04:00:00+00:00,115.645,118.14,114.545,114.76,2897080.0
2022-07-27 04:00:00+00:00,117.42,121.855,117.17,120.94,2055787.0
2022-07-28 04:00:00+00:00,121.63,122.83,118.09,122.27,2146517.0
2022-07-29 04:00:00+00:00,134.86,137.65,132.45,135.0,4174260.0
2022-08-01 04:00:00+00:00,134.8,138.79,133.53,135.41,1861812.0
2022-08-02 04:00:00+00:00,134.8,137.43,134.095,134.18,1340543.0
2022-08-03 04:00:00+00:00,136.19,140.47,136.09,139.54,1569554.0
2022-08-04 04:00:00+00:00,140.585,143.56,139.59,142.53,2267281.0
2022-08-05 04:00:00+00:00,140.08,142.84,139.62,140.8,983096.0
2022-08-08 04:00:00+00:00,141.89,144.21,138.31,139.42,1037713.0
2022-08-09 04:00:00+00:00,138.12,138.93,136.22,137.805,912824.0
2022-08-10 04:00:00+00:00,143.0,144.2,141.02,142.69,1173692.0
2022-08-11 04:00:00+00:00,143.98,144.49,139.77,140.7,1078931.0
2022-08-12 04:00:00+00:00,142.1,143.55,140.125,143.49,782363.0
2022-08-15 04:00:00+00:00,142.79,143.74,141.49,143.16,938015.0
2022-08-16 04:00:00+00:00,144.2,146.56,142.05,144.75,1422540.0
2022-08-17 04:00:00+00:00,142.68,143.37,140.8,142.11,1148247.0
2022-08-18 04:00:00+00:00,141.11,142.75,140.44,142.37,1002195.0
2022-08-19 04:00:00+00:00,140.455,141.08,137.935,138.21,884365.0
2022-08-22 04:00:00+00:00,135.65,136.24,132.87,133.23,1237934.0
2022-08-23 04:00:00+00:00,133.27,134.92,132.95,133.62,839183.0
2022-08-24 04:00:00+00:00,132.63,135.46,132.14,133.86,1215359.0
2022-08-25 04:00:00+00:00,135.27,137.42,134.31,137.29,962489.0
2022-08-26 04:00:00+00:00,136.695,137.82,130.5,130.81,1500524.0
2022-08-29 04:00:00+00:00,129.65,131.92,128.79,129.8,1464617.0
2022-08-30 04:00:00+00:00,131.3,132.04,126.87,128.7,1149488.0
2022-08-31 04:00:00+00:00,129.47,130.57,126.77,126.77,1018159.0
2022-09-01 04:00:00+00:00,125.98,128.01,123.66,127.8,1332552.0
2022-09-02 04:00:00+00:00,129.46,131.375,126.39,127.66,1167449.0
2022-09-06 04:00:00+00:00,127.94,128.6,124.82,126.2,851214.0
2022-09-07 04:00:00+00:00,126.12,129.755,125.41,129.47,1041489.0
2022-09-08 04:00:00+00:00,127.47,130.24,127.165,129.84,882035.0
2022-09-09 04:00:00+00:00,130.94,133.62,130.88,133.26,1021880.0
2022-09-12 04:00:00+00:00,134.14,136.48,134.005,136.47,1074145.0
2022-09-13 04:00:00+00:00,131.0,131.4,126.29,126.82,1609710.0
2022-09-14 04:00:00+00:00,127.5,128.84,126.37,128.55,1264542.0
2022-09-15 04:00:00+00:00,127.36,130.35,125.51,126.36,1223314.0
2022-09-16 04:00:00+00:00,122.65,123.845,120.7,123.56,1834033.0
2022-09-19 04:00:00+00:00,122.205,124.7,121.88,124.66,1342460.0
2022-09-20 04:00:00+00:00,123.41,124.37,121.15,122.195,1260692.0
2022-09-21 04:00:00+00:00,122.42,123.72,118.46,118.52,1456957.0
2022-09-22 04:00:00+00:00,117.0,118.74,116.27,117.29,1895589.0
2022-09-23 04:00:00+00:00,115.98,115.98,112.06,113.81,1703429.0
2022-09-26 04:00:00+00:00,113.4,117.33,113.14,115.125,1617510.0
2022-09-27 04:00:00+00:00,117.26,118.31,113.05,114.415,1356981.0
2022-09-28 04:00:00+00:00,114.375,118.7,113.83,117.99,1366142.0
2022-09-29 04:00:00+00:00,115.48,116.04,113.06,114.89,1474790.0
2022-09-30 04:00:00+00:00,114.06,116.9,112.89,113.0,1371403.0
2022-10-03 04:00:00+00:00,113.725,116.9,112.46,115.95,978718.0
2022-10-04 04:00:00+00:00,119.92,123.0,119.79,121.18,1728928.0
2022-10-05 04:00:00+00:00,118.36,121.74,117.69,120.96,1156440.0
2022-10-06 04:00:00+00:00,120.85,121.5,119.54,120.32,1194415.0
2022-10-07 04:00:00+00:00,117.93,118.11,113.89,114.56,1315183.0
2022-10-10 04:00:00+00:00,115.08,116.19,112.45,113.62,1241993.0
2022-10-11 04:00:00+00:00,112.7,115.48,110.39,112.24,1342059.0
2022-10-12 04:00:00+00:00,112.56,113.83,111.4,112.89,1288061.0
2022-10-13 04:00:00+00:00,107.82,113.42,105.35,112.55,2695839.0
2022-10-14 04:00:00+00:00,114.08,114.94,106.6,106.94,2398720.0
2022-10-17 04:00:00+00:00,110.35,114.17,110.14,113.83,1474449.0
2022-10-18 04:00:00+00:00,119.06,119.5,114.8,116.44,1642255.0
2022-10-19 04:00:00+00:00,114.59,116.58,113.23,115.11,953546.0
2022-10-20 04:00:00+00:00,113.57,118.23,113.57,115.22,1218731.0
2022-10-21 04:00:00+00:00,115.12,119.58,114.545,119.28,1055032.0
2022-10-24 04:00:00+00:00,120.12,120.37,116.57,119.91,1074215.0
2022-10-25 04:00:00+00:00,119.7,121.3,118.96,120.55,1233882.0
2022-10-26 04:00:00+00:00,116.13,119.34,114.77,115.69,1994124.0
2022-10-27 04:00:00+00:00,113.8,114.105,109.78,111.03,2803081.0
2022-10-28 04:00:00+00:00,97.965,103.96,97.67,103.39,6985406.0
2022-10-31 04:00:00+00:00,103.58,104.845,100.745,102.41,2326661.0
2022-11-01 04:00:00+00:00,104.06,104.52,96.065,96.76,5843982.0
2022-11-02 04:00:00+00:00,97.37,97.63,92.02,92.07,3855996.0
2022-11-03 04:00:00+00:00,92.475,93.47,89.02,89.31,4629591.0
2022-11-04 04:00:00+00:00,91.5,92.42,88.05,90.99,3358967.0
2022-11-07 05:00:00+00:00,92.03,92.1,89.04,90.54,1919208.0
2022-11-08 05:00:00+00:00,90.87,91.71,88.255,89.98,2311849.0
2022-11-09 05:00:00+00:00,89.48,89.48,85.88,86.14,2324575.0
2022-11-10 05:00:00+00:00,92.96,98.56,91.66,96.53,5390406.0
2022-11-11 05:00:00+00:00,97.95,101.18,96.67,100.8,2581274.0
2022-11-14 05:00:00+00:00,98.71,100.09,97.325,98.45,1958670.0
2022-11-15 05:00:00+00:00,103.27,103.79,97.37,98.94,2137676.0
2022-11-16 05:00:00+00:00,96.785,98.48,95.56,97.16,1664177.0
2022-11-17 05:00:00+00:00,95.33,96.95,94.03,94.87,1961447.0
2022-11-18 05:00:00+00:00,95.92,95.94,92.485,94.15,1412185.0
2022-11-21 05:00:00+00:00,93.93,95.01,90.59,92.47,1674431.0
2022-11-22 05:00:00+00:00,92.66,93.34,90.87,93.21,1387230.0
2022-11-23 05:00:00+00:00,93.3,94.575,92.86,94.21,978435.0
2022-11-25 05:00:00+00:00,93.77,94.41,93.085,93.47,423635.0
2022-11-28 05:00:00+00:00,93.89,96.04,93.44,93.96,1521195.0
2022-11-29 05:00:00+00:00,94.02,94.4,91.46,92.38,1330448.0
2022-11-30 05:00:00+00:00,92.47,96.52,91.53,96.52,1987307.0
2022-12-01 05:00:00+00:00,97.025,97.215,94.93,95.44,1548783.0
2022-12-02 05:00:00+00:00,94.43,95.33,93.78,94.095,1488675.0
2022-12-05 05:00:00+00:00,93.0,94.04,90.83,91.02,1566577.0
2022-12-06 05:00:00+00:00,90.36,91.02,87.96,88.25,1900472.0
2022-12-07 05:00:00+00:00,88.34,89.88,87.5,88.415,1222967.0
2022-12-08 05:00:00+00:00,89.31,90.85,87.9,90.32,1484845.0
2022-12-09 05:00:00+00:00,88.92,90.185,88.64,89.1,1401806.0
2022-12-12 05:00:00+00:00,89.15,90.565,87.87,90.55,1277580.0
2022-12-13 05:00:00+00:00,95.23,96.235,90.55,92.52,2168618.0
2022-12-14 05:00:00+00:00,92.54,93.455,90.26,91.6,1957458.0
2022-12-15 05:00:00+00:00,89.85,89.94,87.48,88.55,2005905.0
2022-12-16 05:00:00+00:00,88.22,89.34,86.75,87.74,2184311.0
2022-12-19 05:00:00+00:00,87.58,87.61,84.525,84.97,2881864.0
2022-12-20 05:00:00+00:00,85.35,86.605,84.33,85.2,1116749.0
2022-12-21 05:00:00+00:00,86.18,87.22,85.22,86.77,1308443.0
2022-12-22 05:00:00+00:00,85.53,85.64,82.25,83.83,1737788.0
2022-12-23 05:00:00+00:00,83.29,85.765,82.96,85.27,709881.0
2022-12-27 05:00:00+00:00,85.08,85.33,83.0,83.055,964921.0
2022-12-28 05:00:00+00:00,82.82,83.47,81.695,81.85,1399846.0
2022-12-29 05:00:00+00:00,82.9,84.545,82.58,84.14,910309.0
2022-12-30 05:00:00+00:00,82.925,84.04,82.495,84.0,1115212.0
2023-01-03 05:00:00+00:00,85.48,86.94,84.21,85.86,991680.0
2023-01-04 05:00:00+00:00,86.6,86.97,83.37,85.14,1070833.0
2023-01-05 05:00:00+00:00,85.215,85.37,83.075,83.1,1470403.0
2023-01-06 05:00:00+00:00,83.055,86.38,81.45,86.05,1725717.0
2023-01-09 05:00:00+00:00,87.57,89.475,87.095,87.34,1582030.0
2023-01-10 05:00:00+00:00,87.535,90.165,87.31,89.88,808258.0
2023-01-11 05:00:00+00:00,90.97,95.245,90.97,95.08,2664068.0
2023-01-12 05:00:00+00:00,96.89,97.125,93.52,95.26,1590270.0
2023-01-13 05:00:00+00:00,94.18,98.37,94.18,98.13,1855214.0
2023-01-17 05:00:00+00:00,98.74,98.88,95.74,96.09,1371398.0
2023-01-18 05:00:00+00:00,97.28,99.3,95.38,95.49,1529090.0
2023-01-19 05:00:00+00:00,94.745,95.415,92.86,93.66,1467773.0
2023-01-20 05:00:00+00:00,93.85,97.35,93.23,97.18,1203530.0
2023-01-23 05:00:00+00:00,97.56,97.76,95.96,97.49,2281698.0
2023-01-24 05:00:00+00:00,96.94,98.09,96.0,96.34,1410768.0
2023-01-25 05:00:00+00:00,92.56,97.235,91.53,97.13,2975559.0
2023-01-26 05:00:00+00:00,98.36,99.485,96.97,99.19,1247472.0
2023-01-27 05:00:00+00:00,99.56,103.48,99.56,102.24,2094650.0
2023-01-30 05:00:00+00:00,100.98,101.72,99.01,100.52,1453573.0
2023-01-31 05:00:00+00:00,101.21,103.34,101.15,103.13,1093593.0
2023-02-01 05:00:00+00:00,102.6,106.23,101.245,105.16,1307563.0
2023-02-02 05:00:00+00:00,110.2,114.0,108.89,112.77,4211005.0
2023-02-03 05:00:00+00:00,105.04,108.77,102.525,103.375,5225132.0
2023-02-06 05:00:00+00:00,102.95,103.89,100.68,102.14,1544609.0
2023-02-07 05:00:00+00:00,101.195,102.39,98.12,102.2,2210404.0
2023-02-08 05:00:00+00:00,101.97,102.65,98.785,100.05,1386192.0
2023-02-09 05:00:00+00:00,101.35,101.76,97.585,98.275,1374811.0
2023-02-10 05:00:00+00:00,97.525,98.69,96.24,97.61,896614.0
2023-02-13 05:00:00+00:00,97.64,99.67,96.91,99.54,850969.0
2023-02-14 05:00:00+00:00,98.43,100.9,97.535,99.69,905242.0
2023-02-15 05:00:00+00:00,99.11,101.17,98.48,101.17,910803.0
2023-02-16 05:00:00+00:00,99.22,100.63,98.11,98.16,991584.0
2023-02-17 05:00:00+00:00,97.8,97.8,95.65,97.2,1011071.0
2023-02-21 05:00:00+00:00,95.19,95.6,94.28,94.63,1272747.0
2023-02-22 05:00:00+00:00,95.06,96.98,94.82,95.85,1116322.0
2023-02-23 05:00:00+00:00,96.15,96.39,93.69,95.8,796057.0
2023-02-24 05:00:00+00:00,93.305,94.13,92.34,93.52,1040949.0
2023-02-27 05:00:00+00:00,94.34,94.75,93.14,93.76,712569.0
2023-02-28 05:00:00+00:00,93.305,94.69,92.95,94.21,886270.0
2023-03-01 05:00:00+00:00,93.715,94.635,91.605,92.2,1286552.0
2023-03-02 05:00:00+00:00,91.34,92.23,90.41,92.11,1259140.0
2023-03-03 05:00:00+00:00,92.78,94.93,92.67,94.88,1086488.0
2023-03-06 05:00:00+00:00,95.2,96.54,93.75,93.75,849016.0
2023-03-07 05:00:00+00:00,94.16,95.09,92.795,93.55,1043425.0
2023-03-08 05:00:00+00:00,93.62,94.15,92.23,93.93,790982.0
2023-03-09 05:00:00+00:00,93.66,96.19,92.18,92.26,1523861.0
2023-03-10 05:00:00+00:00,92.67,93.565,90.245,90.735,1238015.0
2023-03-13 04:00:00+00:00,89.83,94.01,88.15,92.43,1192737.0
2023-03-14 04:00:00+00:00,93.88,95.065,92.72,94.88,1173828.0
2023-03-15 04:00:00+00:00,93.13,96.6,93.07,96.3,1443754.0
2023-03-16 04:00:00+00:00,95.81,100.98,95.62,100.06,1884188.0
2023-03-17 04:00:00+00:00,99.85,100.575,97.47,98.95,1089005.0
2023-03-20 04:00:00+00:00,98.41,98.45,95.7,97.69,1201284.0
2023-03-21 04:00:00+00:00,98.23,100.84,98.01,100.62,1342539.0
2023-03-22 04:00:00+00:00,100.4,102.08,98.63,98.71,1181446.0
2023-03-23 04:00:00+00:00,100.37,101.06,97.66,98.61,1036924.0
2023-03-24 04:00:00+00:00,98.12,98.275,96.4,98.125,838616.0
2023-03-27 04:00:00+00:00,99.05,99.32,97.085,98.12,685070.0
2023-03-28 04:00:00+00:00,98.11,98.43,96.305,97.27,597654.0
2023-03-29 04:00:00+00:00,98.73,100.41,98.61,100.24,709105.0
2023-03-30 04:00:00+00:00,101.6,103.03,101.01,102.0,1391361.0
2023-03-31 04:00:00+00:00,102.21,103.415,102.0,103.27,887942.0
2023-04-03 04:00:00+00:00,102.26,103.29,101.445,102.4,664450.0
2023-04-04 04:00:00+00:00,102.76,104.2,102.135,104.0,735610.0
2023-04-05 04:00:00+00:00,103.83,103.91,100.77,101.11,808884.0
2023-04-06 04:00:00+00:00,100.71,102.355,99.82,102.04,748724.0
2023-04-10 04:00:00+00:00,100.97,102.2,99.59,102.16,628657.0
2023-04-11 04:00:00+00:00,100.83,100.98,99.01,99.94,1019649.0
2023-04-12 04:00:00+00:00,100.45,100.455,97.71,97.83,950272.0
2023-04-13 04:00:00+00:00,98.91,102.54,98.88,102.395,1517604.0
2023-04-14 04:00:00+00:00,102.03,103.18,101.115,102.54,1059281.0
2023-04-17 04:00:00+00:00,103.2,103.71,101.62,102.755,576617.0
2023-04-18 04:00:00+00:00,103.945,104.185,101.53,102.36,734766.0
2023-04-19 04:00:00+00:00,101.59,105.1,101.4,104.34,1180089.0
2023-04-20 04:00:00+00:00,103.48,105.24,103.215,103.81,1141990.0
2023-04-21 04:00:00+00:00,106.05,108.145,105.09,106.97,1947045.0
2023-04-24 04:00:00+00:00,107.615,109.22,105.08,106.22,1566082.0
2023-04-25 04:00:00+00:00,104.92,105.44,102.5,102.57,1190728.0
2023-04-26 04:00:00+00:00,104.96,106.615,104.14,104.97,1700050.0
2023-04-27 04:00:00+00:00,108.14,110.84,106.82,109.81,2315441.0
2023-04-28 04:00:00+00:00,107.62,109.47,104.35,105.42,3120304.0
2023-05-01 04:00:00+00:00,104.845,105.215,101.835,102.03,1652392.0
2023-05-02 04:00:00+00:00,101.44,103.9,101.15,103.66,1482398.0
2023-05-03 04:00:00+00:00,103.73,105.955,103.29,103.66,1171555.0
2023-05-04 04:00:00+00:00,104.09,105.355,103.34,103.96,709305.0
2023-05-05 04:00:00+00:00,104.2,105.755,103.56,105.64,745909.0
2023-05-08 04:00:00+00:00,105.13,106.09,104.72,105.83,618445.0
2023-05-09 04:00:00+00:00,105.52,106.785,105.165,106.65,665557.0
2023-05-10 04:00:00+00:00,108.21,110.66,108.055,110.21,1727436.0
2023-05-11 04:00:00+00:00,111.06,113.27,110.495,112.18,1201560.0
2023-05-12 04:00:00+00:00,112.05,112.63,109.37,110.24,628149.0
2023-05-15 04:00:00+00:00,111.12,112.25,109.25,111.26,1304571.0
2023-05-16 04:00:00+00:00,111.335,114.77,111.105,113.41,1188002.0
2023-05-17 04:00:00+00:00,114.8,115.82,114.225,115.48,1194806.0
2023-05-18 04:00:00+00:00,116.71,118.59,116.34,118.16,1445279.0
2023-05-19 04:00:00+00:00,118.05,118.28,115.71,116.26,675880.0
2023-05-22 04:00:00+00:00,116.7,116.75,114.25,115.0,960445.0
2023-05-23 04:00:00+00:00,114.155,117.135,113.805,115.02,1056999.0
2023-05-24 04:00:00+00:00,115.38,117.34,115.06,116.78,956824.0
2023-05-25 04:00:00+00:00,116.59,116.845,114.335,115.015,1192258.0
2023-05-26 04:00:00+00:00,116.03,121.495,116.03,120.08,1817028.0
2023-05-30 04:00:00+00:00,122.34,122.875,119.87,121.67,1081665.0
2023-05-31 04:00:00+00:00,121.33,122.01,119.18,120.58,941874.0
2023-06-01 04:00:00+00:00,120.65,123.49,120.03,122.775,952549.0
2023-06-02 04:00:00+00:00,124.94,126.38,124.02,124.25,802248.0
2023-06-05 04:00:00+00:00,123.345,125.79,123.04,125.38,731230.0
2023-06-06 04:00:00+00:00,125.07,127.35,125.07,126.59,773116.0
2023-06-07 04:00:00+00:00,127.09,127.35,120.655,121.25,1634127.0
2023-06-08 04:00:00+00:00,123.085,125.6,122.29,124.22,869063.0
2023-06-09 04:00:00+00:00,124.01,125.77,123.215,123.48,733265.0
2023-06-12 04:00:00+00:00,124.04,126.76,123.53,126.64,797907.0
2023-06-13 04:00:00+00:00,128.075,128.375,125.19,126.66,962273.0
2023-06-14 04:00:00+00:00,126.785,126.94,124.15,126.43,743775.0
2023-06-15 04:00:00+00:00,125.275,127.69,124.34,127.1,935984.0
2023-06-16 04:00:00+00:00,127.715,127.795,125.31,125.55,1325533.0
2023-06-20 04:00:00+00:00,124.91,127.24,124.55,125.83,845210.0
2023-06-21 04:00:00+00:00,125.6,126.72,123.87,124.83,929224.0
2023-06-22 04:00:00+00:00,125.28,130.315,125.18,130.15,1298619.0
2023-06-23 04:00:00+00:00,129.105,130.835,128.29,129.31,795794.0
2023-06-26 04:00:00+00:00,129.38,131.445,127.11,127.39,884990.0
2023-06-27 04:00:00+00:00,128.645,130.03,127.58,129.14,558879.0
2023-06-28 04:00:00+00:00,128.99,131.465,128.45,129.09,1089761.0
2023-06-29 04:00:00+00:00,128.77,129.225,127.26,127.95,747397.0
2023-06-30 04:00:00+00:00,129.56,131.245,128.955,130.28,856142.0
2023-07-03 04:00:00+00:00,130.87,131.825,130.1,130.27,469814.0
2023-07-05 04:00:00+00:00,130.35,131.38,129.655,130.38,561081.0
2023-07-06 04:00:00+00:00,128.32,128.7,127.4,128.38,776217.0
2023-07-07 04:00:00+00:00,128.64,130.97,128.17,129.76,627110.0
2023-07-10 04:00:00+00:00,129.07,129.27,125.94,127.18,1225685.0
2023-07-11 04:00:00+00:00,127.715,129.75,127.44,128.75,940633.0
2023-07-12 04:00:00+00:00,130.33,131.2,128.96,130.83,785784.0
2023-07-13 04:00:00+00:00,133.99,134.665,132.73,134.28,977602.0
2023-07-14 04:00:00+00:00,134.07,136.645,134.07,134.7,855703.0
2023-07-17 04:00:00+00:00,134.565,135.57,133.215,133.55,1554472.0
2023-07-18 04:00:00+00:00,132.495,133.845,131.395,132.83,1051846.0
2023-07-19 04:00:00+00:00,133.32,135.99,132.545,135.39,1048842.0
2023-07-20 04:00:00+00:00,134.07,134.72,129.355,129.99,1161950.0
2023-07-21 04:00:00+00:00,131.205,131.22,128.43,129.865,1273798.0
2023-07-24 04:00:00+00:00,130.39,131.65,128.365,128.835,961409.0
2023-07-25 04:00:00+00:00,129.31,129.52,128.54,129.14,781533.0
2023-07-26 04:00:00+00:00,126.49,129.05,126.13,128.18,969543.0
2023-07-27 04:00:00+00:00,131.05,132.62,127.8,128.265,1035317.0
2023-07-28 04:00:00+00:00,129.71,132.99,129.34,132.18,862745.0
2023-07-31 04:00:00+00:00,133.19,133.84,132.43,133.71,619544.0
2023-08-01 04:00:00+00:00,133.51,133.68,131.625,131.71,615882.0
2023-08-02 04:00:00+00:00,130.12,130.13,126.83,128.25,817860.0
2023-08-03 04:00:00+00:00,127.55,129.825,126.44,128.91,1175235.0
2023-08-04 04:00:00+00:00,141.1,143.61,139.34,139.6,2364926.0
2023-08-07 04:00:00+00:00,141.04,142.535,138.97,142.19,1406663.0
2023-08-08 04:00:00+00:00,140.72,140.82,138.44,139.94,823708.0
2023-08-09 04:00:00+00:00,140.0,140.3,137.115,137.87,926942.0
2023-08-10 04:00:00+00:00,139.05,140.405,137.495,138.58,855725.0
2023-08-11 04:00:00+00:00,137.43,139.29,137.185,138.48,555159.0
2023-08-14 04:00:00+00:00,138.3,140.56,137.76,140.55,713466.0
2023-08-15 04:00:00+00:00,139.98,141.25,137.25,137.72,1103514.0
2023-08-16 04:00:00+00:00,137.19,137.255,135.015,135.03,879723.0
2023-08-17 04:00:00+00:00,135.4,136.05,133.55,133.975,771510.0
2023-08-18 04:00:00+00:00,131.4,134.05,131.16,133.23,718578.0
2023-08-21 04:00:00+00:00,133.65,135.18,132.72,134.7,579902.0
2023-08-22 04:00:00+00:00,135.03,135.6,133.755,134.25,617233.0
2023-08-23 04:00:00+00:00,134.47,135.95,133.235,135.49,993299.0
2023-08-24 04:00:00+00:00,136.41,136.75,131.84,131.84,1031413.0
2023-08-25 04:00:00+00:00,132.77,133.85,130.6,133.23,741805.0
2023-08-28 04:00:00+00:00,133.815,133.905,131.86,133.17,408610.0
2023-08-29 04:00:00+00:00,133.35,135.14,133.325,134.86,748778.0
2023-08-30 04:00:00+00:00,134.96,135.665,133.94,135.09,570528.0
2023-08-31 04:00:00+00:00,135.16,138.765,135.16,137.99,865322.0
2023-09-01 04:00:00+00:00,139.41,139.93,136.88,138.11,582831.0
2023-09-05 04:00:00+00:00,137.75,137.795,135.83,137.25,655249.0
2023-09-06 04:00:00+00:00,136.3,137.43,134.625,135.37,726995.0
2023-09-07 04:00:00+00:00,133.93,138.015,133.24,137.89,1087155.0
2023-09-08 04:00:00+00:00,136.96,138.835,136.78,138.24,934954.0
2023-09-11 04:00:00+00:00,138.71,143.62,138.64,143.155,1192666.0
2023-09-12 04:00:00+00:00,142.32,142.98,140.62,141.27,930974.0
2023-09-13 04:00:00+00:00,140.97,144.975,140.89,144.855,1356710.0
2023-09-14 04:00:00+00:00,145.18,145.85,142.95,144.71,1236408.0
2023-09-15 04:00:00+00:00,142.7,143.56,140.09,140.41,918044.0
2023-09-18 04:00:00+00:00,140.73,141.7,139.23,139.95,561728.0
2023-09-19 04:00:00+00:00,138.73,138.73,135.56,137.61,1191872.0
2023-09-20 04:00:00+00:00,138.47,139.37,135.2,135.31,619462.0
2023-09-21 04:00:00+00:00,131.87,132.21,129.32,129.32,1482383.0
2023-09-22 04:00:00+00:00,131.18,132.02,128.52,129.03,1037928.0
2023-09-25 04:00:00+00:00,129.335,131.78,128.8,131.31,952929.0
2023-09-26 04:00:00+00:00,130.27,130.39,125.28,125.98,1754943.0
2023-09-27 04:00:00+00:00,125.69,127.47,124.15,126.01,1274453.0
2023-09-28 04:00:00+00:00,124.065,126.53,123.045,125.99,991304.0
2023-09-29 04:00:00+00:00,128.1,129.12,126.33,127.15,980601.0
2023-10-02 04:00:00+00:00,127.28,130.46,126.555,129.47,836683.0
2023-10-03 04:00:00+00:00,128.03,128.51,124.26,124.8,942730.0
2023-10-04 04:00:00+00:00,126.11,127.35,125.76,126.87,812091.0
2023-10-05 04:00:00+00:00,126.7,126.725,124.34,125.98,572427.0
2023-10-06 04:00:00+00:00,124.16,128.445,124.16,127.97,998238.0
2023-10-09 04:00:00+00:00,126.06,128.79,124.76,128.29,556686.0
2023-10-10 04:00:00+00:00,128.79,130.73,128.135,129.48,877981.0
2023-10-11 04:00:00+00:00,129.71,132.05,129.635,131.83,851377.0
2023-10-12 04:00:00+00:00,132.12,134.465,131.25,132.34,1060609.0
2023-10-13 04:00:00+00:00,133.0,133.26,128.96,129.81,897555.0
2023-10-16 04:00:00+00:00,130.85,133.055,130.44,132.49,825107.0
2023-10-17 04:00:00+00:00,130.42,132.58,128.72,131.46,767766.0
2023-10-18 04:00:00+00:00,129.865,130.645,127.51,128.15,745122.0
2023-10-19 04:00:00+00:00,130.565,132.2,127.47,128.31,1082729.0
2023-10-20 04:00:00+00:00,128.05,128.13,124.98,125.17,820541.0
2023-10-23 04:00:00+00:00,124.52,127.875,124.01,126.55,768469.0
2023-10-24 04:00:00+00:00,127.765,128.79,126.355,128.58,1019551.0
2023-10-25 04:00:00+00:00,126.1,126.29,120.795,121.42,1964434.0
2023-10-26 04:00:00+00:00,120.57,121.61,118.39,119.65,1970468.0
2023-10-27 04:00:00+00:00,126.21,130.005,125.545,127.74,2712325.0
2023-10-30 04:00:00+00:00,129.8,132.99,128.81,132.76,1242705.0
2023-10-31 04:00:00+00:00,132.81,133.55,131.74,133.03,864191.0
2023-11-01 04:00:00+00:00,133.98,137.35,133.875,137.01,1059221.0
2023-11-02 04:00:00+00:00,138.76,138.785,136.53,138.08,800795.0
2023-11-03 04:00:00+00:00,138.99,139.48,137.45,138.54,662173.0
2023-11-06 05:00:00+00:00,138.83,140.73,138.37,139.77,673701.0
2023-11-07 05:00:00+00:00,140.59,143.36,140.59,142.76,981970.0
2023-11-08 05:00:00+00:00,142.93,143.09,141.235,142.1,852586.0
2023-11-09 05:00:00+00:00,142.05,142.63,139.84,140.6,587123.0
2023-11-10 05:00:00+00:00,140.41,143.65,139.93,143.58,802409.0
2023-11-13 05:00:00+00:00,142.07,143.215,140.695,142.57,613492.0
2023-11-14 05:00:00+00:00,145.01,147.19,144.725,145.77,931525.0
2023-11-15 05:00:00+00:00,147.1,147.25,142.6,143.25,1050387.0
2023-11-16 05:00:00+00:00,140.95,143.305,139.535,142.87,1320333.0
2023-11-17 05:00:00+00:00,142.73,145.2,142.545,145.18,691723.0
2023-11-20 05:00:00+00:00,145.19,146.625,144.74,146.16,862951.0
2023-11-21 05:00:00+00:00,143.8,143.93,141.51,143.91,1460992.0
2023-11-22 05:00:00+00:00,144.75,147.715,144.75,146.72,967988.0
2023-11-24 05:00:00+00:00,146.64,147.185,145.34,146.71,385470.0
2023-11-27 05:00:00+00:00,147.72,149.24,146.93,147.8,650334.0
2023-11-28 05:00:00+00:00,146.995,147.59,145.545,146.98,845099.0
2023-11-29 05:00:00+00:00,147.95,148.53,145.975,146.28,599859.0
2023-11-30 05:00:00+00:00,144.775,146.915,144.35,146.05,717188.0
2023-12-01 05:00:00+00:00,146.005,147.21,145.625,146.94,707479.0
2023-12-04 05:00:00+00:00,145.26,145.33,142.83,144.85,1105754.0
2023-12-05 05:00:00+00:00,143.555,148.565,143.16,146.93,830149.0
2023-12-06 05:00:00+00:00,147.67,147.83,144.28,144.54,721520.0
2023-12-07 05:00:00+00:00,146.13,147.88,145.35,146.8,966410.0
2023-12-08 05:00:00+00:00,145.73,147.83,145.47,147.41,854658.0
2023-12-11 05:00:00+00:00,145.47,146.185,143.64,145.89,1029503.0
2023-12-12 05:00:00+00:00,145.36,147.495,145.36,147.49,543274.0
2023-12-13 05:00:00+00:00,148.28,149.44,146.835,148.84,842483.0
2023-12-14 05:00:00+00:00,149.93,150.51,145.52,147.46,1088779.0
2023-12-15 05:00:00+00:00,148.29,150.56,148.01,149.615,1122557.0
2023-12-18 05:00:00+00:00,150.47,154.835,150.1,154.1,814815.0
2023-12-19 05:00:00+00:00,154.45,155.075,152.7,153.755,704987.0
2023-12-20 05:00:00+00:00,152.895,155.62,151.57,152.09,754108.0
2023-12-21 05:00:00+00:00,153.26,153.97,152.11,153.82,737983.0
2023-12-22 05:00:00+00:00,153.92,154.235,152.71,153.45,399270.0
2023-12-26 05:00:00+00:00,153.57,153.96,153.035,153.46,381458.0
2023-12-27 05:00:00+00:00,153.675,154.755,153.12,153.37,368925.0
2023-12-28 05:00:00+00:00,153.67,154.07,152.96,153.43,452216.0
2023-12-29 05:00:00+00:00,153.115,153.865,151.065,151.955,529088.0
2024-01-02 05:00:00+00:00,151.57,152.35,148.4,149.95,844968.0
2024-01-03 05:00:00+00:00,149.15,151.02,148.33,148.48,631302.0
2024-01-04 05:00:00+00:00,145.63,147.37,144.05,144.61,854032.0
2024-01-05 05:00:00+00:00,144.68,146.575,144.56,145.17,743400.0
2024-01-08 05:00:00+00:00,146.8,149.39,146.15,149.1,697146.0
2024-01-09 05:00:00+00:00,148.33,151.695,148.33,151.36,921438.0
2024-01-10 05:00:00+00:00,152.025,154.42,151.97,153.65,791857.0
2024-01-11 05:00:00+00:00,155.22,157.15,153.13,155.16,786545.0
2024-01-12 05:00:00+00:00,155.43,156.19,154.025,154.6,503342.0
2024-01-16 05:00:00+00:00,153.61,154.97,152.15,153.1,801215.0
2024-01-17 05:00:00+00:00,151.45,152.14,149.93,151.67,704737.0
2024-01-18 05:00:00+00:00,152.875,153.77,151.83,153.47,594021.0
2024-01-19 05:00:00+00:00,153.78,155.75,152.74,155.33,729609.0
2024-01-22 05:00:00+00:00,157.01,157.01,153.92,154.76,1131307.0
2024-01-23 05:00:00+00:00,154.83,156.205,153.94,156.04,765754.0
2024-01-24 05:00:00+00:00,157.78,158.5,156.49,156.88,949097.0
2024-01-25 05:00:00+00:00,156.91,158.5,154.6,157.8,1177970.0
2024-01-26 05:00:00+00:00,158.47,160.705,157.91,159.1,713953.0
2024-01-29 05:00:00+00:00,159.29,161.29,158.905,161.26,735906.0
2024-01-30 05:00:00+00:00,160.68,161.71,158.53,158.98,661216.0
2024-01-31 05:00:00+00:00,156.925,159.005,154.825,155.13,1070902.0
2024-02-01 05:00:00+00:00,155.78,159.76,155.7,159.76,1280563.0
2024-02-02 05:00:00+00:00,169.23,172.5,167.37,171.835,2820986.0
2024-02-05 05:00:00+00:00,170.0,170.51,167.71,170.2,816051.0
2024-02-06 05:00:00+00:00,169.455,170.7,167.66,169.09,772301.0
2024-02-07 05:00:00+00:00,169.4,170.87,169.2,170.46,826559.0
2024-02-08 05:00:00+00:00,169.75,171.38,168.89,169.88,457828.0
2024-02-09 05:00:00+00:00,170.935,174.99,170.645,174.51,825154.0
2024-02-12 05:00:00+00:00,174.8,175.38,171.55,172.375,579585.0
2024-02-13 05:00:00+00:00,167.7,170.93,165.76,168.65,1074044.0
2024-02-14 05:00:00+00:00,169.35,171.21,168.39,170.975,684727.0
2024-02-15 05:00:00+00:00,170.57,171.15,167.61,169.79,880371.0
2024-02-16 05:00:00+00:00,168.625,170.415,167.195,169.51,786152.0
2024-02-20 05:00:00+00:00,167.74,168.655,165.75,167.1,785281.0
2024-02-21 05:00:00+00:00,168.91,170.23,167.185,168.62,653652.0
2024-02-22 05:00:00+00:00,173.1,174.8,171.815,174.55,935517.0
2024-02-23 05:00:00+00:00,174.325,175.71,173.75,174.9,572989.0
2024-02-26 05:00:00+00:00,175.675,176.27,174.295,174.73,555289.0
2024-02-27 05:00:00+00:00,174.075,174.6,172.87,173.54,505532.0
2024-02-28 05:00:00+00:00,172.43,174.015,172.31,173.18,360543.0
2024-02-29 05:00:00+00:00,172.93,177.21,172.85,176.625,682869.0
2024-03-01 05:00:00+00:00,176.75,178.71,176.07,178.26,646623.0
2024-03-04 05:00:00+00:00,177.51,180.125,177.51,177.51,591057.0
2024-03-05 05:00:00+00:00,176.85,176.85,173.32,174.14,583266.0
2024-03-06 05:00:00+00:00,175.57,176.415,173.3,173.48,313344.0
2024-03-07 05:00:00+00:00,174.87,177.985,173.73,176.75,467380.0
2024-03-08 05:00:00+00:00,176.3,178.785,174.36,175.34,682069.0
2024-03-11 04:00:00+00:00,174.25,174.33,171.49,171.97,599423.0
2024-03-12 04:00:00+00:00,173.43,176.75,171.985,175.38,514691.0
2024-03-13 04:00:00+00:00,175.845,177.605,175.57,176.51,597787.0
2024-03-14 04:00:00+00:00,177.775,179.51,176.56,178.84,676095.0
2024-03-15 04:00:00+00:00,176.99,177.89,173.905,174.47,831086.0
2024-03-18 04:00:00+00:00,175.885,176.68,174.29,174.43,502263.0
2024-03-19 04:00:00+00:00,174.39,176.09,173.66,175.89,409941.0
2024-03-20 04:00:00+00:00,176.01,178.53,174.64,178.17,667996.0
2024-03-21 04:00:00+00:00,180.0,181.32,178.16,178.19,678711.0
2024-03-22 04:00:00+00:00,177.87,179.24,176.77,178.89,367691.0
2024-03-25 04:00:00+00:00,177.95,180.97,177.24,179.73,444590.0
2024-03-26 04:00:00+00:00,179.94,180.345,178.04,178.45,304261.0
2024-03-27 04:00:00+00:00,179.88,179.955,177.33,179.865,534058.0
2024-03-28 04:00:00+00:00,180.06,181.64,179.27,180.22,488253.0
2024-04-01 04:00:00+00:00,180.74,182.985,179.97,180.87,344851.0
2024-04-02 04:00:00+00:00,179.195,180.79,178.5,180.68,471015.0
2024-04-03 04:00:00+00:00,180.04,182.86,180.025,182.41,432442.0
2024-04-04 04:00:00+00:00,184.22,185.075,180.015,180.04,542430.0
2024-04-05 04:00:00+00:00,182.47,186.27,182.03,185.04,559772.0
2024-04-08 04:00:00+00:00,187.1,187.28,184.83,185.24,561880.0
2024-04-09 04:00:00+00:00,187.24,187.315,184.2,185.7,615700.0
2024-04-10 04:00:00+00:00,182.75,186.22,182.73,185.95,548261.0
2024-04-11 04:00:00+00:00,186.565,189.72,185.61,189.1,534467.0
2024-04-12 04:00:00+00:00,187.74,188.36,185.09,186.2,704242.0
2024-04-15 04:00:00+00:00,187.605,188.67,183.08,183.63,683615.0
2024-04-16 04:00:00+00:00,183.245,184.79,182.275,183.34,433069.0
2024-04-17 04:00:00+00:00,184.4,184.55,179.85,181.26,501262.0
2024-04-18 04:00:00+00:00,181.475,182.38,178.73,179.22,582236.0
2024-04-19 04:00:00+00:00,178.69,178.8,173.44,174.63,680387.0
2024-04-22 04:00:00+00:00,176.915,178.84,174.6,177.23,601864.0
2024-04-23 04:00:00+00:00,178.08,179.93,175.99,179.59,454471.0
2024-04-24 04:00:00+00:00,179.89,180.28,176.24,176.595,419568.0
2024-04-25 04:00:00+00:00,169.66,173.9,166.37,173.72,999316.0
2024-04-26 04:00:00+00:00,177.815,180.8,176.145,179.52,564099.0
2024-04-29 04:00:00+00:00,182.665,183.47,179.4,180.945,832389.0
2024-04-30 04:00:00+00:00,180.905,182.0,175.0,175.6,1429810.0
2024-05-01 04:00:00+00:00,181.665,185.14,176.59,178.83,2181830.0
2024-05-02 04:00:00+00:00,180.98,185.05,179.955,184.8,854606.0
2024-05-03 04:00:00+00:00,186.815,187.86,185.43,186.23,624258.0
2024-05-06 04:00:00+00:00,186.405,188.735,184.89,188.69,416219.0
2024-05-07 04:00:00+00:00,188.92,189.925,187.31,188.7,451089.0
2024-05-08 04:00:00+00:00,187.365,188.43,186.385,187.95,411298.0
2024-05-09 04:00:00+00:00,189.005,191.68,187.52,189.43,520481.0
2024-05-10 04:00:00+00:00,189.02,189.85,186.935,187.435,333590.0
2024-05-13 04:00:00+00:00,188.0,188.31,185.4,186.58,531982.0
2024-05-14 04:00:00+00:00,183.53,187.7,183.53,187.1,498830.0
2024-05-15 04:00:00+00:00,186.145,186.595,182.83,186.04,878983.0
2024-05-16 04:00:00+00:00,185.62,187.225,183.47,183.63,546922.0
2024-05-17 04:00:00+00:00,183.7,185.27,183.37,184.56,411486.0
2024-05-20 04:00:00+00:00,184.315,186.625,183.29,183.62,910761.0
2024-05-21 04:00:00+00:00,182.12,183.25,180.77,183.23,767650.0
2024-05-22 04:00:00+00:00,183.915,185.13,182.01,183.07,357819.0
2024-05-23 04:00:00+00:00,183.635,184.75,180.095,181.18,601346.0
2024-05-24 04:00:00+00:00,181.715,182.39,180.31,180.75,431528.0
2024-05-28 04:00:00+00:00,179.68,182.23,179.58,182.175,548594.0
2024-05-29 04:00:00+00:00,181.82,184.04,181.585,181.985,425832.0
2024-05-30 04:00:00+00:00,181.27,181.325,178.37,179.245,368611.0
2024-05-31 04:00:00+00:00,178.255,179.165,173.885,176.52,1046175.0
2024-06-03 04:00:00+00:00,177.51,178.67,175.95,178.33,364027.0
2024-06-04 04:00:00+00:00,177.66,179.815,176.51,179.24,618027.0
2024-06-05 04:00:00+00:00,179.99,181.48,178.83,181.25,471930.0
2024-06-06 04:00:00+00:00,181.745,184.98,181.555,184.93,488670.0
2024-06-07 04:00:00+00:00,184.785,186.28,183.425,184.16,298904.0
2024-06-10 04:00:00+00:00,184.075,187.19,183.81,187.12,549100.0
2024-06-11 04:00:00+00:00,187.025,187.745,184.55,187.28,460231.0
2024-06-12 04:00:00+00:00,187.96,188.325,185.445,186.81,524784.0
2024-06-13 04:00:00+00:00,186.105,187.63,182.72,183.68,472778.0
2024-06-14 04:00:00+00:00,183.095,183.7,182.23,183.69,294993.0
2024-06-17 04:00:00+00:00,182.375,185.0,181.23,184.12,696125.0
2024-06-18 04:00:00+00:00,183.62,184.28,181.43,182.88,476585.0
2024-06-20 04:00:00+00:00,182.93,186.495,182.76,186.06,533760.0
2024-06-21 04:00:00+00:00,187.74,189.255,185.89,189.01,585066.0
2024-06-24 04:00:00+00:00,189.47,190.97,185.37,185.8,769479.0
2024-06-25 04:00:00+00:00,186.82,188.78,185.44,186.37,451226.0
2024-06-26 04:00:00+00:00,186.71,194.745,186.3,193.59,1121587.0
2024-06-27 04:00:00+00:00,194.97,199.84,194.33,197.85,1490925.0
2024-06-28 04:00:00+00:00,197.6,198.815,192.5,193.27,937374.0
2024-07-01 04:00:00+00:00,193.505,198.255,193.04,197.16,673840.0
2024-07-02 04:00:00+00:00,197.21,200.41,195.97,200.03,631154.0
2024-07-03 04:00:00+00:00,199.885,200.0,196.775,197.58,454253.0
2024-07-05 04:00:00+00:00,198.625,200.53,198.355,199.97,496494.0
2024-07-08 04:00:00+00:00,200.05,201.16,197.975,199.18,431642.0
2024-07-09 04:00:00+00:00,199.63,200.565,199.045,199.34,379359.0
2024-07-10 04:00:00+00:00,199.995,200.075,197.73,199.76,405444.0
2024-07-11 04:00:00+00:00,200.12,200.24,192.91,195.02,532717.0
2024-07-12 04:00:00+00:00,194.51,196.425,193.88,194.5,472834.0
2024-07-15 04:00:00+00:00,194.5,196.18,190.845,192.79,563081.0
2024-07-16 04:00:00+00:00,195.545,196.58,192.26,192.88,419751.0
2024-07-17 04:00:00+00:00,191.425,191.575,185.99,188.055,902683.0
2024-07-18 04:00:00+00:00,189.55,189.645,181.46,183.68,831741.0
2024-07-19 04:00:00+00:00,181.14,184.83,180.12,183.21,455379.0
2024-07-22 04:00:00+00:00,184.98,184.98,182.51,182.685,581451.0
2024-07-23 04:00:00+00:00,184.145,189.37,183.59,186.22,587732.0
2024-07-24 04:00:00+00:00,183.24,185.39,180.48,180.77,865985.0
2024-07-25 04:00:00+00:00,182.89,183.875,176.82,179.89,831959.0
2024-07-26 04:00:00+00:00,180.44,183.15,180.385,182.6,370815.0
2024-07-29 04:00:00+00:00,183.655,184.64,182.435,183.21,230790.0
2024-07-30 04:00:00+00:00,184.75,185.765,179.385,181.735,354512.0
2024-07-31 04:00:00+00:00,185.115,187.92,184.485,187.03,524987.0
2024-08-01 04:00:00+00:00,189.26,190.475,181.9,183.45,1196897.0
2024-08-02 04:00:00+00:00,166.725,168.73,160.57,167.745,3440319.0
2024-08-05 04:00:00+00:00,154.2,162.94,151.62,161.06,1980844.0
2024-08-06 04:00:00+00:00,161.74,165.015,158.63,161.915,950567.0
2024-08-07 04:00:00+00:00,166.66,167.55,161.45,162.75,1007962.0
2024-08-08 04:00:00+00:00,165.165,166.66,162.57,165.74,735973.0
2024-08-09 04:00:00+00:00,166.58,168.52,166.16,166.96,566208.0
2024-08-12 04:00:00+00:00,168.16,168.54,166.13,166.845,465432.0
2024-08-13 04:00:00+00:00,167.83,171.03,167.11,170.2,667298.0
2024-08-14 04:00:00+00:00,172.06,172.26,168.9,170.03,485481.0
2024-08-15 04:00:00+00:00,174.945,177.89,174.0,177.59,1112465.0
2024-08-16 04:00:00+00:00,176.9,178.33,176.275,177.04,610107.0
2024-08-19 04:00:00+00:00,177.61,178.27,176.19,178.14,661576.0
2024-08-20 04:00:00+00:00,178.01,179.01,177.47,178.9,600135.0
2024-08-21 04:00:00+00:00,179.96,182.33,178.9,180.04,819931.0
2024-08-22 04:00:00+00:00,181.38,181.38,175.7,176.22,627628.0
2024-08-23 04:00:00+00:00,177.325,178.96,175.25,177.08,588842.0
2024-08-26 04:00:00+00:00,176.74,177.45,174.32,175.51,542867.0
2024-08-27 04:00:00+00:00,174.14,174.76,172.25,173.11,779077.0
2024-08-28 04:00:00+00:00,173.68,173.68,168.96,170.82,757868.0
2024-08-29 04:00:00+00:00,173.25,174.27,170.81,172.19,604415.0
2024-08-30 04:00:00+00:00,172.72,178.89,172.61,178.53,1333257.0
2024-09-03 04:00:00+00:00,177.72,178.2,175.28,176.34,1174918.0
2024-09-04 04:00:00+00:00,174.48,175.97,172.54,173.305,784273.0
2024-09-05 04:00:00+00:00,175.23,179.87,175.23,177.87,1644303.0
2024-09-06 04:00:00+00:00,177.2,178.345,171.28,171.45,1025776.0
2024-09-09 04:00:00+00:00,174.635,175.85,173.53,175.4,815280.0
2024-09-10 04:00:00+00:00,177.555,180.5,176.79,179.62,1059674.0
2024-09-11 04:00:00+00:00,180.105,184.88,175.785,184.38,1189323.0
2024-09-12 04:00:00+00:00,184.855,187.39,183.56,187.07,883244.0
2024-09-13 04:00:00+00:00,186.88,188.48,185.93,186.44,721182.0
2024-09-16 04:00:00+00:00,185.31,185.8,183.36,184.9,692230.0
2024-09-17 04:00:00+00:00,186.77,189.44,186.17,186.96,793631.0
2024-09-18 04:00:00+00:00,186.48,188.77,185.06,186.39,860092.0
2024-09-19 04:00:00+00:00,190.07,190.97,188.505,189.85,1246862.0
2024-09-20 04:00:00+00:00,190.365,191.72,187.42,191.72,732061.0
2024-09-23 04:00:00+00:00,191.32,194.4,190.63,193.89,730878.0
2024-09-24 04:00:00+00:00,194.33,195.33,190.135,194.02,762139.0
2024-09-25 04:00:00+00:00,193.75,193.92,192.17,192.53,644843.0
2024-09-26 04:00:00+00:00,194.315,194.505,189.55,191.17,751569.0
2024-09-27 04:00:00+00:00,190.8,190.85,187.345,187.88,1106288.0
2024-09-30 04:00:00+00:00,187.07,188.49,184.69,186.38,1181263.0
2024-10-01 04:00:00+00:00,184.925,186.18,183.505,185.15,1156742.0
2024-10-02 04:00:00+00:00,184.38,186.57,184.065,184.78,843221.0
2024-10-03 04:00:00+00:00,183.045,183.41,180.88,181.9,619176.0
2024-10-04 04:00:00+00:00,185.8,187.595,183.63,186.49,1164541.0
2024-10-07 04:00:00+00:00,183.03,183.6,180.25,180.835,1223566.0
2024-10-08 04:00:00+00:00,181.95,183.07,180.98,182.71,762424.0
2024-10-09 04:00:00+00:00,182.8,185.84,182.06,185.19,763825.0
2024-10-10 04:00:00+00:00,187.15,188.12,185.84,186.69,595519.0
2024-10-11 04:00:00+00:00,186.48,189.92,186.32,188.79,824093.0
2024-10-14 04:00:00+00:00,189.745,189.8,187.37,187.61,485746.0
2024-10-15 04:00:00+00:00,187.36,188.4,184.58,187.83,778378.0
2024-10-16 04:00:00+00:00,187.085,187.74,185.62,186.9,590257.0
2024-10-17 04:00:00+00:00,188.19,188.94,186.0,187.55,815704.0
2024-10-18 04:00:00+00:00,186.97,190.735,186.31,188.96,920578.0
2024-10-21 04:00:00+00:00,188.16,189.43,186.4,189.09,512738.0
2024-10-22 04:00:00+00:00,188.35,191.5,187.01,189.71,434882.0
2024-10-23 04:00:00+00:00,188.81,189.15,183.71,184.715,709376.0
2024-10-24 04:00:00+00:00,185.31,187.1,183.89,186.4,542920.0
2024-10-25 04:00:00+00:00,187.83,190.44,187.54,187.85,705353.0
2024-10-28 04:00:00+00:00,189.56,190.19,188.21,188.5,516682.0
2024-10-29 04:00:00+00:00,188.45,191.455,187.84,190.87,630325.0
2024-10-30 04:00:00+00:00,194.695,195.55,192.43,192.78,1096707.0
2024-10-31 04:00:00+00:00,190.435,190.58,185.245,186.22,1546937.0
2024-11-01 04:00:00+00:00,198.95,200.49,197.04,197.86,2549444.0
2024-11-04 05:00:00+00:00,196.56,197.3,194.365,195.79,761144.0
2024-11-05 05:00:00+00:00,196.04,199.81,196.02,199.5,935747.0
2024-11-06 05:00:00+00:00,200.17,207.45,199.15,207.06,1608919.0
2024-11-07 05:00:00+00:00,207.4,212.245,207.28,210.04,1116343.0
2024-11-08 05:00:00+00:00,209.78,209.84,207.44,208.27,808152.0
2024-11-11 05:00:00+00:00,208.51,209.62,205.62,206.9,926248.0
2024-11-12 05:00:00+00:00,208.24,209.52,206.04,208.95,807487.0
2024-11-13 05:00:00+00:00,209.4,215.09,209.3,214.08,1093994.0
2024-11-14 05:00:00+00:00,214.145,215.88,210.91,211.45,810443.0
2024-11-15 05:00:00+00:00,206.73,207.3,199.66,202.565,1824764.0
2024-11-18 05:00:00+00:00,203.925,204.62,200.97,201.7,760048.0
2024-11-19 05:00:00+00:00,199.33,205.29,198.8,204.595,942074.0
2024-11-20 05:00:00+00:00,202.75,202.915,199.47,202.89,742517.0
2024-11-21 05:00:00+00:00,203.14,203.23,195.75,198.35,1464784.0
2024-11-22 05:00:00+00:00,198.38,199.15,196.77,197.07,799243.0
2024-11-25 05:00:00+00:00,199.28,201.9,199.01,201.44,888620.0
2024-11-26 05:00:00+00:00,201.91,208.0,201.8,207.82,816072.0
2024-11-27 05:00:00+00:00,207.025,207.61,205.07,205.79,566843.0
2024-11-29 05:00:00+00:00,205.895,208.09,204.69,207.95,543260.0
2024-12-02 05:00:00+00:00,209.96,212.975,209.55,210.67,1026123.0
2024-12-03 05:00:00+00:00,210.26,214.015,209.68,213.41,794896.0
2024-12-04 05:00:00+00:00,215.96,219.99,215.76,218.1,1307432.0
2024-12-05 05:00:00+00:00,218.05,222.14,217.33,220.57,1445577.0
2024-12-06 05:00:00+00:00,220.84,227.13,220.61,227.0,1331931.0
2024-12-09 05:00:00+00:00,227.21,230.08,225.7,226.015,1491859.0
2024-12-10 05:00:00+00:00,226.28,229.05,224.24,225.14,971073.0
2024-12-11 05:00:00+00:00,226.45,231.14,226.29,230.16,1113859.0
2024-12-12 05:00:00+00:00,229.525,231.07,227.64,229.03,744036.0
2024-12-13 05:00:00+00:00,228.41,230.09,225.895,227.44,659061.0
2024-12-16 05:00:00+00:00,230.245,233.0,228.095,232.95,958200.0
2024-12-17 05:00:00+00:00,232.51,232.68,227.9,231.24,1039586.0
2024-12-18 05:00:00+00:00,230.03,231.37,220.11,220.49,1315760.0
2024-12-19 05:00:00+00:00,225.09,226.07,222.98,223.29,1002126.0
2024-12-20 05:00:00+00:00,219.875,226.18,218.78,225.16,1057386.0
2024-12-23 05:00:00+00:00,225.125,225.39,224.02,224.77,138469.0
2024-12-24 05:00:00+00:00,226.86,229.11,226.14,228.95,389456.0
2024-12-26 05:00:00+00:00,227.9,228.49,226.72,227.14,455443.0
2024-12-27 05:00:00+00:00,225.6,226.02,220.915,223.85,815472.0
2024-12-30 05:00:00+00:00,219.99,222.98,218.44,221.255,829831.0
2024-12-31 05:00:00+00:00,222.965,223.18,218.95,219.47,787150.0
2025-01-02 05:00:00+00:00,222.43,225.07,218.21,220.21,1205003.0
2025-01-03 05:00:00+00:00,222.5,225.32,221.64,224.15,675077.0
2025-01-06 05:00:00+00:00,226.775,228.79,224.87,227.58,911200.0
2025-01-07 05:00:00+00:00,227.895,228.37,221.47,222.12,854886.0
2025-01-08 05:00:00+00:00,223.185,223.495,220.29,222.01,664884.0
2025-01-10 05:00:00+00:00,221.585,221.615,216.54,218.84,1163056.0
2025-01-13 05:00:00+00:00,218.095,219.39,216.47,218.48,780758.0
2025-01-14 05:00:00+00:00,220.56,221.81,216.26,217.74,866121.0
2025-01-15 05:00:00+00:00,222.81,223.5,220.785,223.3,1088018.0
2025-01-16 05:00:00+00:00,224.5,224.63,220.325,220.65,662277.0
2025-01-17 05:00:00+00:00,225.65,226.43,223.09,225.945,796056.0
2025-01-21 05:00:00+00:00,229.05,231.78,227.0,230.68,1212920.0
2025-01-22 05:00:00+00:00,232.08,235.405,231.195,235.0,935770.0
2025-01-23 05:00:00+00:00,233.98,235.435,231.57,235.37,787773.0
2025-01-24 05:00:00+00:00,234.87,236.385,232.94,234.835,727829.0
2025-01-27 05:00:00+00:00,226.26,235.59,225.96,235.57,1817616.0
2025-01-28 05:00:00+00:00,234.38,241.76,234.0,238.2,1835698.0
2025-01-29 05:00:00+00:00,239.015,240.36,236.16,237.05,1002067.0
2025-01-30 05:00:00+00:00,237.325,237.9,232.23,234.52,1138724.0
2025-01-31 05:00:00+00:00,236.61,240.275,236.61,237.65,1151423.0
2025-02-03 05:00:00+00:00,234.05,239.22,232.93,237.46,1550070.0
2025-02-04 05:00:00+00:00,238.94,242.51,238.03,242.02,869939.0
2025-02-05 05:00:00+00:00,236.775,238.25,235.21,236.11,1608196.0
2025-02-06 05:00:00+00:00,238.14,239.57,236.02,238.78,1493612.0
2025-02-07 05:00:00+00:00,232.65,234.78,228.095,229.19,2708992.0
2025-02-10 05:00:00+00:00,230.545,233.9,229.22,233.23,948969.0
2025-02-11 05:00:00+00:00,231.765,233.44,230.14,232.77,753161.0
2025-02-12 05:00:00+00:00,230.435,231.145,228.19,228.94,826255.0
2025-02-13 05:00:00+00:00,228.79,230.42,227.53,230.32,1123130.0
2025-02-14 05:00:00+00:00,229.195,229.765,227.24,228.64,822597.0
2025-02-18 05:00:00+00:00,228.94,229.085,223.74,226.64,1439304.0
2025-02-19 05:00:00+00:00,225.47,226.83,223.79,226.65,908458.0
2025-02-20 05:00:00+00:00,224.75,225.08,221.81,222.83,874609.0
2025-02-21 05:00:00+00:00,223.3,223.3,214.765,216.63,1754848.0
2025-02-24 05:00:00+00:00,217.515,217.655,212.45,212.67,1330167.0
2025-02-25 05:00:00+00:00,211.6,213.33,204.195,212.9,2496844.0
2025-02-26 05:00:00+00:00,214.865,218.1,213.1,214.35,1380593.0
2025-02-27 05:00:00+00:00,218.35,219.96,208.39,208.785,1819215.0
2025-02-28 05:00:00+00:00,208.75,212.62,207.0,212.09,1881771.0
2025-03-03 05:00:00+00:00,213.275,214.0,202.56,205.075,1729039.0
2025-03-04 05:00:00+00:00,200.07,206.8,197.46,203.85,2277871.0
2025-03-05 05:00:00+00:00,204.67,209.95,203.26,208.27,1646556.0
2025-03-06 05:00:00+00:00,204.4,205.76,198.4,200.7,2191502.0
2025-03-07 05:00:00+00:00,199.475,202.25,192.56,199.265,2640887.0
2025-03-10 04:00:00+00:00,195.61,196.68,190.85,194.62,3022243.0
2025-03-11 04:00:00+00:00,193.945,200.085,193.43,196.5,2236137.0
2025-03-12 04:00:00+00:00,200.74,201.5,195.32,198.83,1788004.0
2025-03-13 04:00:00+00:00,198.15,198.87,191.84,193.92,1846463.0
2025-03-14 04:00:00+00:00,197.385,198.555,195.35,198.14,1420376.0
2025-03-17 04:00:00+00:00,198.87,198.94,194.335,195.79,1661146.0
2025-03-18 04:00:00+00:00,192.485,193.91,189.4,192.9,1580624.0
2025-03-19 04:00:00+00:00,193.315,195.935,191.975,195.53,1362105.0
2025-03-20 04:00:00+00:00,192.75,199.28,192.325,194.97,1325940.0
2025-03-21 04:00:00+00:00,192.705,196.75,192.57,196.16,1137824.0
2025-03-24 04:00:00+00:00,200.16,203.55,200.16,203.04,1286092.0
2025-03-25 04:00:00+00:00,203.605,206.2,203.235,205.73,1190428.0
2025-03-26 04:00:00+00:00,205.95,206.01,199.94,201.1,1477856.0
2025-03-27 04:00:00+00:00,200.82,203.775,199.32,201.41,935426.0
2025-03-28 04:00:00+00:00,198.415,199.225,191.89,192.62,2123368.0
2025-03-31 04:00:00+00:00,188.11,191.31,184.64,190.28,2429655.0
2025-04-01 04:00:00+00:00,187.94,193.91,187.32,192.15,1722473.0
2025-04-02 04:00:00+00:00,187.8,198.31,187.8,196.07,1945633.0
2025-04-03 04:00:00+00:00,182.9,184.09,176.935,178.41,3920536.0
2025-04-04 04:00:00+00:00,167.125,178.13,166.055,171.28,4823878.0
2025-04-07 04:00:00+00:00,161.84,183.335,161.4,175.235,4429673.0
2025-04-08 04:00:00+00:00,185.04,185.845,168.695,170.97,3361399.0
2025-04-09 04:00:00+00:00,171.875,192.64,169.96,190.81,4565578.0
2025-04-10 04:00:00+00:00,185.53,186.83,175.89,181.07,2949285.0
2025-04-11 04:00:00+00:00,179.93,185.79,178.0,184.7,2047952.0
2025-04-14 04:00:00+00:00,186.99,187.32,179.25,182.14,2246367.0
2025-04-15 04:00:00+00:00,181.475,182.35,177.96,179.5,1562195.0
2025-04-16 04:00:00+00:00,176.395,179.07,171.43,174.385,2121532.0
2025-04-17 04:00:00+00:00,176.1,176.11,172.0,172.63,1855761.0
2025-04-21 04:00:00+00:00,169.495,169.55,165.29,167.35,2095026.0
2025-04-22 04:00:00+00:00,169.895,176.76,169.415,173.13,3103852.0
2025-04-23 04:00:00+00:00,183.37,187.355,180.195,180.55,2798739.0
2025-04-24 04:00:00+00:00,180.915,186.72,180.18,186.49,1377778.0
2025-04-25 04:00:00+00:00,187.7,189.94,185.51,188.945,1646722.0
2025-04-28 04:00:00+00:00,190.1,190.16,184.885,187.69,913868.0
2025-04-29 04:00:00+00:00,184.06,188.0,183.69,187.4,1343284.0
2025-04-30 04:00:00+00:00,182.09,185.03,178.85,184.1,1546820.0
2025-05-01 04:00:00+00:00,190.81,191.8,187.5,189.79,2127274.0
2025-05-02 04:00:00+00:00,191.47,192.88,186.4,189.83,2251715.0
2025-05-05 04:00:00+00:00,186.53,188.15,185.61,186.33,1086249.0
2025-05-06 04:00:00+00:00,184.6,187.93,183.9,185.04,820142.0
2025-05-07 04:00:00+00:00,185.54,190.97,185.01,188.71,1403606.0
2025-05-08 04:00:00+00:00,191.47,194.31,188.91,192.125,1052410.0
2025-05-09 04:00:00+00:00,193.23,194.68,191.18,193.04,798750.0
2025-05-12 04:00:00+00:00,210.62,211.61,205.78,208.66,2588103.0
2025-05-13 04:00:00+00:00,211.03,214.83,210.125,211.18,1952512.0
2025-05-14 04:00:00+00:00,211.39,211.88,209.25,210.18,985626.0
2025-05-15 04:00:00+00:00,206.54,206.7,202.75,205.2,1687448.0
2025-05-16 04:00:00+00:00,206.35,206.42,204.39,205.63,1171363.0
2025-05-19 04:00:00+00:00,201.81,206.61,201.29,206.24,898166.0
2025-05-20 04:00:00+00:00,204.69,205.57,202.71,204.11,752422.0
2025-05-21 04:00:00+00:00,201.61,203.44,200.11,201.14,1331731.0
2025-05-22 04:00:00+00:00,201.44,205.75,200.175,203.02,1344812.0
2025-05-23 04:00:00+00:00,198.95,202.35,197.87,201.085,1107360.0
2025-05-27 04:00:00+00:00,203.085,206.675,202.2,206.0,1034157.0
2025-05-28 04:00:00+00:00,205.95,207.65,204.43,204.76,984777.0
2025-05-29 04:00:00+00:00,208.085,208.8,204.29,205.7,1161445.0
2025-05-30 04:00:00+00:00,204.84,205.93,201.7,204.775,967948.0
2025-06-02 04:00:00+00:00,204.865,207.0,202.68,206.69,1090952.0
2025-06-03 04:00:00+00:00,207.105,208.855,205.05,205.75,965516.0
2025-06-04 04:00:00+00:00,206.56,208.175,205.26,207.23,940952.0
2025-06-05 04:00:00+00:00,209.44,212.8,207.63,207.89,1723258.0
2025-06-06 04:00:00+00:00,212.42,213.86,210.53,213.51,1291204.0
2025-06-09 04:00:00+00:00,214.73,217.83,212.92,216.94,1281572.0
2025-06-10 04:00:00+00:00,216.8,217.67,214.17,217.655,1066338.0
2025-06-11 04:00:00+00:00,217.535,218.39,212.89,213.2,1078219.0
2025-06-12 04:00:00+00:00,211.66,213.51,211.37,213.2,667842.0
2025-06-13 04:00:00+00:00,209.805,214.05,209.675,212.17,793416.0
2025-06-16 04:00:00+00:00,212.35,217.05,211.63,216.16,993188.0
2025-06-17 04:00:00+00:00,215.165,217.39,214.58,214.82,924027.0
2025-06-18 04:00:00+00:00,215.09,217.95,212.55,212.56,1200776.0
2025-06-20 04:00:00+00:00,214.46,214.86,208.28,209.61,1696793.0
2025-06-23 04:00:00+00:00,209.79,210.39,207.34,208.41,1394706.0
2025-06-24 04:00:00+00:00,212.135,214.33,211.15,212.79,1316205.0
2025-06-25 04:00:00+00:00,214.49,216.015,211.16,212.105,1092586.0
2025-06-26 04:00:00+00:00,213.12,218.01,212.02,217.04,1592503.0
2025-06-27 04:00:00+00:00,219.94,223.24,216.765,223.07,1807418.0
2025-06-30 04:00:00+00:00,223.53,223.795,219.12,219.33,1590980.0
2025-07-01 04:00:00+00:00,219.64,221.86,217.955,220.47,1355143.0
2025-07-02 04:00:00+00:00,219.67,221.6,219.09,219.88,902654.0
2025-07-03 04:00:00+00:00,221.765,224.0,221.36,223.38,1295668.0
2025-07-07 04:00:00+00:00,223.16,224.26,222.41,223.47,968605.0
2025-07-08 04:00:00+00:00,223.93,223.97,218.43,219.495,1674876.0
2025-07-09 04:00:00+00:00,221.07,224.27,220.47,222.45,1255276.0
2025-07-10 04:00:00+00:00,221.54,222.76,219.7,222.3,1055309.0
2025-07-11 04:00:00+00:00,223.55,226.63,222.38,224.96,1148061.0
2025-07-14 04:00:00+00:00,225.07,226.65,224.32,225.67,1211313.0
2025-07-15 04:00:00+00:00,226.165,227.24,225.455,226.32,993895.0
2025-07-16 04:00:00+00:00,225.89,226.05,222.2,223.15,1093449.0
2025-07-17 04:00:00+00:00,223.27,224.47,222.52,223.91,691639.0
2025-07-18 04:00:00+00:00,225.185,226.34,222.985,226.09,975108.0
2025-07-21 04:00:00+00:00,226.005,229.67,225.79,229.33,1171451.0
2025-07-22 04:00:00+00:00,229.75,230.0,226.36,227.505,1084323.0
2025-07-23 04:00:00+00:00,228.46,228.73,227.1,228.29,554375.0
2025-07-24 04:00:00+00:00,229.17,234.04,228.66,232.26,1184528.0
2025-07-25 04:00:00+00:00,232.11,232.47,231.2,231.44,592506.0
2025-07-28 04:00:00+00:00,233.475,234.27,232.27,232.79,757057.0
2025-07-29 04:00:00+00:00,234.205,234.72,230.315,231.05,860501.0
2025-07-30 04:00:00+00:00,231.58,231.69,229.33,230.23,865709.0
2025-07-31 04:00:00+00:00,235.71,236.53,231.43,234.18,2763582.0
2025-08-01 04:00:00+00:00,217.14,220.4,212.815,214.855,3976423.0
2025-08-04 04:00:00+00:00,217.35,217.37,211.42,211.67,2429637.0
2025-08-05 04:00:00+00:00,213.22,216.265,212.94,213.86,1342458.0
2025-08-06 04:00:00+00:00,214.67,222.52,213.75,222.33,1552493.0
2025-08-07 04:00:00+00:00,220.95,226.17,220.82,223.18,1095953.0
2025-08-08 04:00:00+00:00,223.24,223.765,221.9,222.695,1077590.0
2025-08-11 04:00:00+00:00,222.24,223.02,220.4,221.39,1048187.0
2025-08-12 04:00:00+00:00,222.215,223.465,219.065,221.43,1012262.0
2025-08-13 04:00:00+00:00,222.31,224.83,222.16,224.53,917934.0
2025-08-14 04:00:00+00:00,227.375,233.1,227.115,230.89,1866821.0
2025-08-15 04:00:00+00:00,232.46,234.06,229.83,231.09,1144736.0
2025-08-18 04:00:00+00:00,230.225,231.91,228.355,231.56,736271.0
2025-08-19 04:00:00+00:00,230.225,230.5,227.14,228.005,817884.0
2025-08-20 04:00:00+00:00,227.15,227.215,220.93,223.8,1093941.0
2025-08-21 04:00:00+00:00,222.75,222.76,220.55,222.0,1052193.0
2025-08-22 04:00:00+00:00,222.83,229.1,220.825,228.85,1267694.0
2025-08-25 04:00:00+00:00,227.47,229.59,227.42,227.93,553855.0
2025-08-26 04:00:00+00:00,227.45,228.85,226.07,228.68,597804.0
2025-08-27 04:00:00+00:00,228.66,229.855,227.85,229.05,540040.0
2025-08-28 04:00:00+00:00,229.23,232.675,228.04,231.55,701289.0
2025-08-29 04:00:00+00:00,231.315,231.77,228.16,229.02,709104.0
2025-09-02 04:00:00+00:00,223.67,225.99,221.835,225.34,1051028.0
2025-09-03 04:00:00+00:00,225.22,227.135,224.37,225.97,1205032.0
2025-09-04 04:00:00+00:00,231.03,235.75,230.805,235.67,1672307.0
2025-09-05 04:00:00+00:00,235.19,235.99,231.97,232.365,1447486.0
2025-09-08 04:00:00+00:00,235.045,237.595,233.805,235.87,1314580.0
2025-09-09 04:00:00+00:00,236.06,238.84,235.1,238.23,1089783.0
2025-09-10 04:00:00+00:00,237.34,237.34,229.135,230.36,2155028.0
2025-09-11 04:00:00+00:00,231.395,231.5,229.34,229.82,1135869.0
2025-09-12 04:00:00+00:00,230.35,230.715,226.4,228.05,1035037.0
2025-09-15 04:00:00+00:00,230.86,233.73,230.35,231.47,925601.0
2025-09-16 04:00:00+00:00,232.94,235.9,232.28,234.04,1131164.0
2025-09-17 04:00:00+00:00,233.77,234.15,228.72,231.59,1343420.0
2025-09-18 04:00:00+00:00,232.405,233.465,228.8,231.22,903802.0
2025-09-19 04:00:00+00:00,232.125,234.145,230.575,231.5,1169943.0
2025-09-22 04:00:00+00:00,230.565,230.565,227.515,227.62,1131028.0
2025-09-23 04:00:00+00:00,227.805,227.81,220.08,220.74,2768870.0
2025-09-24 04:00:00+00:00,224.37,224.45,219.46,220.23,1681152.0
2025-09-25 04:00:00+00:00,220.11,220.66,216.48,218.155,2301852.0
2025-09-26 04:00:00+00:00,219.08,221.05,218.045,219.77,1321986.0
2025-09-29 04:00:00+00:00,220.08,222.53,219.3,222.15,1373922.0
2025-09-30 04:00:00+00:00,222.04,222.11,217.9,219.52,1456840.0
2025-10-01 04:00:00+00:00,217.185,222.13,216.69,220.64,1401928.0
2025-10-02 04:00:00+00:00,220.955,222.79,218.955,222.44,1346783.0
2025-10-03 04:00:00+00:00,223.44,224.115,219.34,219.495,1635318.0
2025-10-06 04:00:00+00:00,220.99,221.72,216.06,220.84,1714450.0
2025-10-07 04:00:00+00:00,220.865,222.87,220.27,221.8,887288.0
2025-10-08 04:00:00+00:00,222.99,226.72,221.19,225.19,1220447.0
2025-10-09 04:00:00+00:00,224.855,228.195,221.77,227.72,1623455.0
2025-10-10 04:00:00+00:00,226.12,228.24,216.175,216.19,2188428.0
2025-10-13 04:00:00+00:00,217.75,220.62,217.085,220.0,1465239.0
2025-10-14 04:00:00+00:00,215.405,219.315,212.65,216.43,1761902.0
2025-10-15 04:00:00+00:00,216.445,217.69,212.67,215.56,1703231.0
2025-10-16 04:00:00+00:00,215.55,218.57,212.85,214.47,1513632.0
2025-10-17 04:00:00+00:00,214.56,214.76,211.06,213.03,1334735.0
2025-10-20 04:00:00+00:00,213.745,216.65,213.61,216.44,1077839.0
2025-10-21 04:00:00+00:00,218.405,223.29,218.0,222.04,1623076.0
2025-10-22 04:00:00+00:00,219.405,219.96,216.54,217.955,1530991.0
2025-10-23 04:00:00+00:00,218.61,221.295,218.18,221.09,1072363.0
2025-10-24 04:00:00+00:00,221.945,225.38,221.945,224.26,982852.0
2025-10-27 04:00:00+00:00,227.505,228.375,225.56,227.05,1137826.0
2025-10-28 04:00:00+00:00,228.15,231.47,226.225,229.23,1830141.0
2025-10-29 04:00:00+00:00,231.795,232.82,227.78,230.36,2216802.0
2025-10-30 04:00:00+00:00,226.92,228.43,222.77,222.77,4143491.0
2025-10-31 04:00:00+00:00,250.2,250.38,244.22,244.29,5678930.0
2025-11-03 05:00:00+00:00,255.555,258.55,253.05,253.99,4413626.0
2025-11-04 05:00:00+00:00,250.545,255.44,248.7,249.395,1664163.0
2025-11-05 05:00:00+00:00,248.56,250.99,246.18,250.245,1232152.0
2025-11-06 05:00:00+00:00,249.26,250.34,242.18,242.96,1772580.0
2025-11-07 05:00:00+00:00,242.895,244.89,238.53,244.42,1705994.0
2025-11-10 05:00:00+00:00,248.34,251.73,245.62,248.37,1896049.0
2025-11-11 05:00:00+00:00,248.61,249.71,247.23,249.05,675398.0
2025-11-12 05:00:00+00:00,250.155,250.36,243.75,244.22,1070772.0
2025-11-13 05:00:00+00:00,243.1,243.71,236.78,237.63,1441425.0
2025-11-14 05:00:00+00:00,235.085,238.71,232.94,234.63,1287281.0
2025-11-17 05:00:00+00:00,232.945,234.53,229.2,232.935,1702913.0
2025-11-18 05:00:00+00:00,228.1,230.19,222.44,222.71,2288377.0
2025-11-19 05:00:00+00:00,223.735,223.735,218.53,222.67,1989479.0
2025-11-20 05:00:00+00:00,226.7,227.39,216.755,217.195,2466255.0
2025-11-21 05:00:00+00:00,216.375,222.185,215.2,220.65,2260352.0
2025-11-24 05:00:00+00:00,222.325,227.22,222.325,226.12,1722473.0
2025-11-25 05:00:00+00:00,226.26,230.51,223.81,229.57,1574173.0
2025-11-26 05:00:00+00:00,230.69,231.74,228.79,229.15,1243901.0
2025-11-28 05:00:00+00:00,231.315,233.28,230.23,233.23,861054.0
2025-12-01 05:00:00+00:00,233.21,235.78,232.28,233.92,1500261.0
2025-12-02 05:00:00+00:00,235.005,238.94,233.58,234.36,1776296.0
2025-12-03 05:00:00+00:00,233.35,233.35,230.64,232.42,1446006.0
2025-12-04 05:00:00+00:00,232.775,233.46,226.815,229.14,1563178.0
2025-12-05 05:00:00+00:00,230.29,231.23,228.55,229.48,1052220.0
2025-12-08 05:00:00+00:00,229.42,230.81,226.31,226.98,1126342.0
2025-12-09 05:00:00+00:00,226.805,228.54,225.16,227.9,613667.0
2025-12-10 05:00:00+00:00,228.595,232.38,228.47,231.685,1162879.0
2025-12-11 05:00:00+00:00,230.94,232.085,228.765,230.28,829585.0
2025-12-12 05:00:00+00:00,229.87,230.01,225.18,226.2,1249975.0
2025-12-15 05:00:00+00:00,227.805,227.82,222.02,222.61,1445714.0
2025-12-16 05:00:00+00:00,223.035,223.65,221.15,222.515,1204366.0
2025-12-17 05:00:00+00:00,224.375,225.14,221.2,221.29,1220008.0
2025-12-18 05:00:00+00:00,225.605,229.225,224.41,226.8,1147631.0
2025-12-19 05:00:00+00:00,226.71,229.12,225.64,227.48,988180.0
2025-12-22 05:00:00+00:00,228.52,229.47,226.715,228.38,967524.0
2025-12-23 05:00:00+00:00,229.055,232.435,228.73,232.12,822277.0
2025-12-24 05:00:00+00:00,232.24,232.94,231.335,232.44,299119.0
2025-12-26 05:00:00+00:00,232.095,232.98,231.27,232.51,480598.0
2025-12-29 05:00:00+00:00,231.835,232.585,230.84,232.095,700452.0
2025-12-30 05:00:00+00:00,231.19,232.77,230.28,232.49,914409.0
2025-12-31 05:00:00+00:00,232.935,232.935,230.69,230.85,567837.0
2026-01-02 05:00:00+00:00,231.28,235.41,224.74,226.49,1321728.0
2026-01-05 05:00:00+00:00,228.9,233.99,227.22,233.005,1574185.0
2026-01-06 05:00:00+00:00,232.33,243.16,232.12,240.87,1890654.0
2026-01-07 05:00:00+00:00,239.755,245.28,239.545,241.58,1292637.0
2026-01-08 05:00:00+00:00,243.06,246.405,241.935,246.23,1225067.0
2026-01-09 05:00:00+00:00,244.81,247.75,242.25,247.32,1396059.0
2026-01-12 05:00:00+00:00,246.72,248.92,245.96,246.44,1380281.0
2026-01-13 05:00:00+00:00,246.56,247.635,240.27,242.58,1365714.0
2026-01-14 05:00:00+00:00,240.98,240.98,236.25,236.74,1857196.0
2026-01-15 05:00:00+00:00,239.3,240.625,236.69,238.14,1483275.0
2026-01-16 05:00:00+00:00,238.97,239.5,236.435,239.09,1083084.0
2026-01-20 05:00:00+00:00,233.665,235.07,229.36,231.03,1807736.0
2026-01-21 05:00:00+00:00,231.125,232.26,226.92,231.27,1853084.0
2026-01-22 05:00:00+00:00,233.99,235.7,230.96,234.33,1183152.0
2026-01-23 05:00:00+00:00,234.92,240.42,234.64,239.15,1336531.0
2026-01-26 05:00:00+00:00,239.86,240.785,237.58,238.38,1376683.0
2026-01-27 05:00:00+00:00,239.65,244.86,238.095,244.685,1810236.0
2026-01-28 05:00:00+00:00,246.375,247.77,241.57,243.02,1579104.0
2026-01-29 05:00:00+00:00,242.775,242.95,236.76,241.625,1837808.0
2026-01-30 05:00:00+00:00,239.945,243.3,237.77,239.52,2176249.0
2026-02-02 05:00:00+00:00,238.38,245.615,238.36,242.885,1460613.0
2026-02-03 05:00:00+00:00,245.125,246.255,235.49,238.63,2137846.0
2026-02-04 05:00:00+00:00,238.765,238.765,231.84,232.97,1934571.0
2026-02-05 05:00:00+00:00,225.0,226.3,220.405,222.455,3216969.0
2026-02-06 05:00:00+00:00,202.62,211.38,200.39,210.25,7222174.0
2026-02-09 05:00:00+00:00,208.97,212.8,203.35,208.655,3317497.0
2026-02-10 05:00:00+00:00,208.775,212.63,206.42,206.96,2279515.0
2026-02-11 05:00:00+00:00,208.03,208.54,202.505,204.15,2268764.0
2026-02-12 05:00:00+00:00,203.61,203.81,197.57,199.55,2999284.0
2026-02-13 05:00:00+00:00,198.89,201.155,197.31,198.815,1931180.0
2026-02-17 05:00:00+00:00,198.22,201.73,196.13,201.245,2560469.0
2026-02-18 05:00:00+00:00,202.07,206.86,201.51,204.68,1831226.0
2026-02-19 05:00:00+00:00,203.8,205.63,202.87,204.93,1248293.0
2026-02-20 05:00:00+00:00,204.745,211.15,203.82,210.17,2073484.0
2026-02-23 05:00:00+00:00,208.03,208.35,203.13,205.3,1756048.0
2026-02-24 05:00:00+00:00,205.315,210.33,203.36,208.6,1408806.0
2026-02-25 05:00:00+00:00,210.35,211.58,208.935,210.67,1148530.0
2026-02-26 05:00:00+00:00,210.68,211.02,205.345,207.92,1835752.0
2026-02-27 05:00:00+00:00,206.79,210.33,205.23,210.015,1715593.0
2026-03-02 05:00:00+00:00,204.45,209.72,203.46,208.26,1868191.0
2026-03-03 05:00:00+00:00,203.17,209.17,202.55,208.63,1995039.0
2026-03-04 05:00:00+00:00,210.52,217.535,210.31,216.805,2359440.0
2026-03-05 05:00:00+00:00,216.14,220.47,215.65,218.87,3195215.0
2026-03-06 05:00:00+00:00,215.105,217.28,212.53,213.08,2184357.0
2026-03-09 04:00:00+00:00,210.51,213.8,207.15,213.495,2528855.0
2026-03-10 04:00:00+00:00,214.125,215.645,212.43,214.3,1181925.0
2026-03-11 04:00:00+00:00,215.89,216.95,211.36,212.63,1336913.0
2026-03-12 04:00:00+00:00,210.395,211.705,208.15,209.565,1621958.0
2026-03-13 04:00:00+00:00,209.48,210.56,206.235,207.7,1443764.0
2026-03-16 04:00:00+00:00,208.55,212.69,207.46,211.775,1924589.0
2026-03-17 04:00:00+00:00,212.82,215.69,212.47,215.345,1795405.0
2026-03-18 04:00:00+00:00,213.9,215.04,208.835,209.82,1608826.0
2026-03-19 04:00:00+00:00,207.075,209.12,206.05,208.76,1551666.0
2026-03-20 04:00:00+00:00,207.525,207.525,204.32,205.31,1217008.0
2026-03-23 04:00:00+00:00,209.78,212.76,209.56,210.21,1687331.0
2026-03-24 04:00:00+00:00,207.99,209.3,206.685,207.28,1607918.0
2026-03-25 04:00:00+00:00,211.55,213.0,209.92,211.715,1395423.0
2026-03-26 04:00:00+00:00,210.61,212.875,207.125,207.58,2176215.0
2026-03-27 04:00:00+00:00,206.325,206.33,199.155,199.37,2326112.0
2026-03-30 04:00:00+00:00,201.22,203.8,199.99,200.945,2253276.0
2026-03-31 04:00:00+00:00,204.875,210.27,204.15,208.39,1753529.0
2026-04-01 04:00:00+00:00,210.435,213.575,208.19,210.6,1663492.0
2026-04-02 04:00:00+00:00,206.75,212.055,204.93,209.64,909541.0
2026-04-06 04:00:00+00:00,209.68,212.92,209.66,212.765,769208.0
2026-04-07 04:00:00+00:00,211.35,213.96,209.09,213.81,1093924.0
2026-04-08 04:00:00+00:00,224.01,225.955,219.68,221.33,1321716.0
2026-04-09 04:00:00+00:00,225.12,233.8,223.31,233.53,2965413.0
2026-04-10 04:00:00+00:00,235.325,240.425,235.28,238.42,2407796.0
2026-04-13 04:00:00+00:00,237.465,240.0,235.82,239.95,1402634.0
2026-04-14 04:00:00+00:00,242.035,252.175,242.035,249.07,3116335.0
2026-04-15 04:00:00+00:00,249.49,250.355,247.2,248.46,1524725.0
2026-04-16 04:00:00+00:00,249.09,249.99,244.22,249.705,2079627.0
2026-04-17 04:00:00+00:00,254.955,256.18,250.12,250.49,1256432.0
2026-04-20 04:00:00+00:00,249.19,250.08,245.37,248.34,1453393.0
2026-04-21 04:00:00+00:00,254.98,254.99,249.14,249.855,1459046.0
2026-04-22 04:00:00+00:00,252.22,255.91,250.365,255.365,1223336.0
2026-04-23 04:00:00+00:00,255.27,258.785,253.1,255.06,1366005.0
2026-04-24 04:00:00+00:00,259.925,264.4,257.71,263.96,2248938.0
2026-04-27 04:00:00+00:00,263.86,264.08,260.385,261.045,1840382.0
2026-04-28 04:00:00+00:00,257.51,261.03,256.73,259.71,2020596.0
2026-04-29 04:00:00+00:00,258.065,265.89,257.74,263.22,2873983.0
2026-04-30 04:00:00+00:00,273.04,273.86,256.18,265.04,3546474.0
2026-05-01 04:00:00+00:00,265.31,273.31,262.82,268.29,2098565.0
2026-05-04 04:00:00+00:00,269.27,276.08,269.17,272.1,1654387.0
2026-05-05 04:00:00+00:00,276.12,278.53,272.45,273.555,1582693.0
2026-05-06 04:00:00+00:00,272.815,277.8,272.25,274.98,1873707.0
2026-05-07 04:00:00+00:00,274.92,276.605,270.785,271.08,1678126.0
2026-05-08 04:00:00+00:00,271.585,273.88,269.95,272.535,1838835.0
2026-05-11 04:00:00+00:00,270.145,273.605,268.5,268.98,1432555.0
2026-05-12 04:00:00+00:00,265.62,267.53,262.63,265.84,1657861.0
2026-05-13 04:00:00+00:00,264.37,270.71,263.235,270.145,2355905.0
2026-05-14 04:00:00+00:00,269.1,270.765,266.63,267.21,1648523.0
2026-05-15 04:00:00+00:00,262.3,264.35,261.06,264.22,1850916.0
2026-05-18 04:00:00+00:00,263.165,268.835,262.54,264.78,1877867.0
2026-05-19 04:00:00+00:00,262.04,262.14,255.205,259.39,1931402.0
2026-05-20 04:00:00+00:00,260.315,265.545,259.61,265.0,1666881.0
2026-05-21 04:00:00+00:00,263.6,269.48,261.4,268.5,1639627.0
2026-05-22 04:00:00+00:00,268.655,269.75,266.25,266.27,1427997.0
2026-05-26 04:00:00+00:00,267.575,269.21,262.09,265.27,1673467.0
2026-05-27 04:00:00+00:00,266.15,272.37,265.74,271.85,1824874.0
2026-05-28 04:00:00+00:00,272.275,274.36,267.465,273.98,1509557.0
2026-05-29 04:00:00+00:00,271.5,274.68,269.715,270.61,1519010.0
2026-06-01 04:00:00+00:00,266.29,266.47,260.71,261.2,2323487.0
2026-06-02 04:00:00+00:00,257.125,261.2,254.39,256.53,1667733.0
2026-06-03 04:00:00+00:00,254.19,257.09,247.72,249.99,2752817.0
2026-06-04 04:00:00+00:00,253.215,255.83,251.83,253.855,1836110.0
2026-06-05 04:00:00+00:00,253.885,256.3,245.78,246.15,2579967.0
2026-06-08 04:00:00+00:00,246.78,249.34,243.38,245.21,1336383.0
2026-06-09 04:00:00+00:00,247.7,250.415,240.49,244.15,2322639.0
2026-06-10 04:00:00+00:00,243.29,243.93,237.51,237.97,2138275.0
2026-06-11 04:00:00+00:00,237.93,242.14,235.2,241.42,2238353.0
2026-06-12 04:00:00+00:00,243.16,243.16,233.66,238.56,2122615.0
2026-06-15 04:00:00+00:00,244.92,247.695,244.75,246.1,1867641.0
2026-06-16 04:00:00+00:00,247.965,249.505,245.475,246.15,1780971.0
2026-06-17 04:00:00+00:00,245.13,245.8,236.67,237.57,2042994.0
2026-06-18 04:00:00+00:00,240.14,245.73,236.035,244.61,2392131.0
2026-06-22 04:00:00+00:00,240.25,241.98,232.255,232.99,2616562.0
2026-06-23 04:00:00+00:00,232.54,236.87,232.0,234.13,2480145.0
2026-06-24 04:00:00+00:00,233.845,242.39,232.97,234.36,3527382.0
2026-06-25 04:00:00+00:00,232.01,232.24,225.555,227.13,5069536.0
2026-06-26 04:00:00+00:00,227.39,232.95,226.125,230.6,5335284.0
2026-06-29 04:00:00+00:00,234.28,246.74,234.03,240.12,3454861.0
2026-06-30 04:00:00+00:00,237.51,241.53,237.2,238.23,3131628.0
2026-07-01 04:00:00+00:00,239.75,244.87,234.925,241.735,2917388.0
2026-07-02 04:00:00+00:00,241.605,246.665,241.12,242.3,1916645.0
2026-07-06 04:00:00+00:00,243.755,246.035,240.96,244.16,1564450.0
2026-07-07 04:00:00+00:00,247.39,248.915,242.7,245.7,1729148.0
2026-07-08 04:00:00+00:00,244.045,244.735,240.52,243.6,1165207.0
2026-07-09 04:00:00+00:00,240.195,247.3,238.265,246.96,1653255.0
2026-07-10 04:00:00+00:00,250.03,251.0,244.465,245.35,1174412.0
2026-07-13 04:00:00+00:00,244.39,249.64,244.18,247.325,1707785.0
2026-07-14 04:00:00+00:00,245.81,248.55,243.95,247.495,1491903.0
2026-07-15 04:00:00+00:00,249.99,256.43,249.98,254.94,1967622.0
