rank,strategy_key,strategy_name,role,symbol,source_report,score,return_percent,drawdown_percent,profit_factor,consistency_percent,trade_count,status,parameters_json
1,"reports\strategy_research_arena.json|ARENA-0117|MULTI|{""atr_period"": 7, ""filter_set"": ""EMA200"", ""max_bars_held"": 30, ""risk_profile"": ""Trend"", ""sensitivity"": 1.0, ""stop_loss_percent"": 4.0, ""take_profit_percent"": 10.0}",ARENA-0117,LONG,MULTI,reports\strategy_research_arena.json,58.8061,7.3533,1.1387,3.3351,0.0,34,FINALIST,"{""atr_period"": 7, ""filter_set"": ""EMA200"", ""max_bars_held"": 30, ""risk_profile"": ""Trend"", ""sensitivity"": 1.0, ""stop_loss_percent"": 4.0, ""take_profit_percent"": 10.0}"
2,"reports\strategy_research_arena.json|ARENA-0114|MULTI|{""atr_period"": 7, ""filter_set"": ""EMA200"", ""max_bars_held"": 20, ""risk_profile"": ""Trend"", ""sensitivity"": 1.0, ""stop_loss_percent"": 4.0, ""take_profit_percent"": 10.0}",ARENA-0114,LONG,MULTI,reports\strategy_research_arena.json,57.9365,7.1596,1.1387,3.2748,0.0,34,FINALIST,"{""atr_period"": 7, ""filter_set"": ""EMA200"", ""max_bars_held"": 20, ""risk_profile"": ""Trend"", ""sensitivity"": 1.0, ""stop_loss_percent"": 4.0, ""take_profit_percent"": 10.0}"
3,"reports\strategy_research_arena.json|ARENA-0135|MULTI|{""atr_period"": 14, ""filter_set"": ""EMA200"", ""max_bars_held"": 30, ""risk_profile"": ""Trend"", ""sensitivity"": 1.0, ""stop_loss_percent"": 4.0, ""take_profit_percent"": 10.0}",ARENA-0135,LONG,MULTI,reports\strategy_research_arena.json,56.7643,7.202,1.3837,3.1368,0.0,32,FINALIST,"{""atr_period"": 14, ""filter_set"": ""EMA200"", ""max_bars_held"": 30, ""risk_profile"": ""Trend"", ""sensitivity"": 1.0, ""stop_loss_percent"": 4.0, ""take_profit_percent"": 10.0}"
4,"reports\strategy_research_arena.json|ARENA-0112|MULTI|{""atr_period"": 7, ""filter_set"": ""EMA200"", ""max_bars_held"": 20, ""risk_profile"": ""Balanced"", ""sensitivity"": 1.0, ""stop_loss_percent"": 3.0, ""take_profit_percent"": 8.0}",ARENA-0112,LONG,MULTI,reports\strategy_research_arena.json,56.5381,6.6356,1.1387,3.231,0.0,34,FINALIST,"{""atr_period"": 7, ""filter_set"": ""EMA200"", ""max_bars_held"": 20, ""risk_profile"": ""Balanced"", ""sensitivity"": 1.0, ""stop_loss_percent"": 3.0, ""take_profit_percent"": 8.0}"
5,"reports\strategy_research_arena.json|ARENA-0115|MULTI|{""atr_period"": 7, ""filter_set"": ""EMA200"", ""max_bars_held"": 30, ""risk_profile"": ""Balanced"", ""sensitivity"": 1.0, ""stop_loss_percent"": 3.0, ""take_profit_percent"": 8.0}",ARENA-0115,LONG,MULTI,reports\strategy_research_arena.json,56.5381,6.6356,1.1387,3.231,0.0,34,FINALIST,"{""atr_period"": 7, ""filter_set"": ""EMA200"", ""max_bars_held"": 30, ""risk_profile"": ""Balanced"", ""sensitivity"": 1.0, ""stop_loss_percent"": 3.0, ""take_profit_percent"": 8.0}"
6,"reports\strategy_research_arena.json|ARENA-0132|MULTI|{""atr_period"": 14, ""filter_set"": ""EMA200"", ""max_bars_held"": 20, ""risk_profile"": ""Trend"", ""sensitivity"": 1.0, ""stop_loss_percent"": 4.0, ""take_profit_percent"": 10.0}",ARENA-0132,LONG,MULTI,reports\strategy_research_arena.json,55.9302,7.0086,1.3837,3.0809,0.0,32,FINALIST,"{""atr_period"": 14, ""filter_set"": ""EMA200"", ""max_bars_held"": 20, ""risk_profile"": ""Trend"", ""sensitivity"": 1.0, ""stop_loss_percent"": 4.0, ""take_profit_percent"": 10.0}"
7,"reports\strategy_research_arena.json|ARENA-0126|MULTI|{""atr_period"": 10, ""filter_set"": ""EMA200"", ""max_bars_held"": 30, ""risk_profile"": ""Trend"", ""sensitivity"": 1.0, ""stop_loss_percent"": 4.0, ""take_profit_percent"": 10.0}",ARENA-0126,LONG,MULTI,reports\strategy_research_arena.json,55.2519,6.961,1.3837,3.0257,0.0,33,FINALIST,"{""atr_period"": 10, ""filter_set"": ""EMA200"", ""max_bars_held"": 30, ""risk_profile"": ""Trend"", ""sensitivity"": 1.0, ""stop_loss_percent"": 4.0, ""take_profit_percent"": 10.0}"
8,"reports\strategy_research_arena.json|ARENA-0130|MULTI|{""atr_period"": 14, ""filter_set"": ""EMA200"", ""max_bars_held"": 20, ""risk_profile"": ""Balanced"", ""sensitivity"": 1.0, ""stop_loss_percent"": 3.0, ""take_profit_percent"": 8.0}",ARENA-0130,LONG,MULTI,reports\strategy_research_arena.json,54.9389,6.5016,1.2145,3.0467,0.0,32,FINALIST,"{""atr_period"": 14, ""filter_set"": ""EMA200"", ""max_bars_held"": 20, ""risk_profile"": ""Balanced"", ""sensitivity"": 1.0, ""stop_loss_percent"": 3.0, ""take_profit_percent"": 8.0}"
9,"reports\strategy_research_arena.json|ARENA-0133|MULTI|{""atr_period"": 14, ""filter_set"": ""EMA200"", ""max_bars_held"": 30, ""risk_profile"": ""Balanced"", ""sensitivity"": 1.0, ""stop_loss_percent"": 3.0, ""take_profit_percent"": 8.0}",ARENA-0133,LONG,MULTI,reports\strategy_research_arena.json,54.9389,6.5016,1.2145,3.0467,0.0,32,FINALIST,"{""atr_period"": 14, ""filter_set"": ""EMA200"", ""max_bars_held"": 30, ""risk_profile"": ""Balanced"", ""sensitivity"": 1.0, ""stop_loss_percent"": 3.0, ""take_profit_percent"": 8.0}"
10,"reports\strategy_research_arena.json|ARENA-0123|MULTI|{""atr_period"": 10, ""filter_set"": ""EMA200"", ""max_bars_held"": 20, ""risk_profile"": ""Trend"", ""sensitivity"": 1.0, ""stop_loss_percent"": 4.0, ""take_profit_percent"": 10.0}",ARENA-0123,LONG,MULTI,reports\strategy_research_arena.json,54.4279,6.768,1.3837,2.971,0.0,33,FINALIST,"{""atr_period"": 10, ""filter_set"": ""EMA200"", ""max_bars_held"": 20, ""risk_profile"": ""Trend"", ""sensitivity"": 1.0, ""stop_loss_percent"": 4.0, ""take_profit_percent"": 10.0}"
11,"reports\strategy_research_arena.json|ARENA-0036|MULTI|{""atr_period"": 7, ""filter_set"": ""Original"", ""max_bars_held"": 30, ""risk_profile"": ""Trend"", ""sensitivity"": 1.0, ""stop_loss_percent"": 4.0, ""take_profit_percent"": 10.0}",ARENA-0036,LONG,MULTI,reports\strategy_research_arena.json,53.8352,8.9048,1.1961,2.3366,0.0,61,FINALIST,"{""atr_period"": 7, ""filter_set"": ""Original"", ""max_bars_held"": 30, ""risk_profile"": ""Trend"", ""sensitivity"": 1.0, ""stop_loss_percent"": 4.0, ""take_profit_percent"": 10.0}"
12,"reports\strategy_research_arena.json|ARENA-0033|MULTI|{""atr_period"": 7, ""filter_set"": ""Original"", ""max_bars_held"": 20, ""risk_profile"": ""Trend"", ""sensitivity"": 1.0, ""stop_loss_percent"": 4.0, ""take_profit_percent"": 10.0}",ARENA-0033,LONG,MULTI,reports\strategy_research_arena.json,53.2197,8.7104,1.1961,2.3082,0.0,61,FINALIST,"{""atr_period"": 7, ""filter_set"": ""Original"", ""max_bars_held"": 20, ""risk_profile"": ""Trend"", ""sensitivity"": 1.0, ""stop_loss_percent"": 4.0, ""take_profit_percent"": 10.0}"
13,"reports\strategy_research_arena.json|ARENA-0081|MULTI|{""atr_period"": 14, ""filter_set"": ""Original"", ""max_bars_held"": 30, ""risk_profile"": ""Trend"", ""sensitivity"": 1.2, ""stop_loss_percent"": 4.0, ""take_profit_percent"": 10.0}",ARENA-0081,LONG,MULTI,reports\strategy_research_arena.json,53.0156,8.5872,2.1475,2.476,0.0,48,FINALIST,"{""atr_period"": 14, ""filter_set"": ""Original"", ""max_bars_held"": 30, ""risk_profile"": ""Trend"", ""sensitivity"": 1.2, ""stop_loss_percent"": 4.0, ""take_profit_percent"": 10.0}"
14,"reports\strategy_research_arena.json|ARENA-0240|MULTI|{""atr_period"": 14, ""filter_set"": ""RSI"", ""max_bars_held"": 20, ""risk_profile"": ""Trend"", ""sensitivity"": 1.2, ""stop_loss_percent"": 4.0, ""take_profit_percent"": 10.0}",ARENA-0240,LONG,MULTI,reports\strategy_research_arena.json,52.9049,7.2641,1.7134,2.7255,0.0,35,FINALIST,"{""atr_period"": 14, ""filter_set"": ""RSI"", ""max_bars_held"": 20, ""risk_profile"": ""Trend"", ""sensitivity"": 1.2, ""stop_loss_percent"": 4.0, ""take_profit_percent"": 10.0}"
15,"reports\strategy_research_arena.json|ARENA-0807|MULTI|{""atr_period"": 14, ""filter_set"": ""EMA200+RSI"", ""max_bars_held"": 20, ""risk_profile"": ""Trend"", ""sensitivity"": 1.2, ""stop_loss_percent"": 4.0, ""take_profit_percent"": 10.0}",ARENA-0807,LONG,MULTI,reports\strategy_research_arena.json,52.9049,7.2641,1.7134,2.7255,0.0,35,FINALIST,"{""atr_period"": 14, ""filter_set"": ""EMA200+RSI"", ""max_bars_held"": 20, ""risk_profile"": ""Trend"", ""sensitivity"": 1.2, ""stop_loss_percent"": 4.0, ""take_profit_percent"": 10.0}"
16,"reports\strategy_research_arena.json|ARENA-0031|MULTI|{""atr_period"": 7, ""filter_set"": ""Original"", ""max_bars_held"": 20, ""risk_profile"": ""Balanced"", ""sensitivity"": 1.0, ""stop_loss_percent"": 3.0, ""take_profit_percent"": 8.0}",ARENA-0031,LONG,MULTI,reports\strategy_research_arena.json,52.7448,8.5131,1.1468,2.2874,0.0,61,FINALIST,"{""atr_period"": 7, ""filter_set"": ""Original"", ""max_bars_held"": 20, ""risk_profile"": ""Balanced"", ""sensitivity"": 1.0, ""stop_loss_percent"": 3.0, ""take_profit_percent"": 8.0}"
17,"reports\strategy_research_arena.json|ARENA-0034|MULTI|{""atr_period"": 7, ""filter_set"": ""Original"", ""max_bars_held"": 30, ""risk_profile"": ""Balanced"", ""sensitivity"": 1.0, ""stop_loss_percent"": 3.0, ""take_profit_percent"": 8.0}",ARENA-0034,LONG,MULTI,reports\strategy_research_arena.json,52.7448,8.5131,1.1468,2.2874,0.0,61,FINALIST,"{""atr_period"": 7, ""filter_set"": ""Original"", ""max_bars_held"": 30, ""risk_profile"": ""Balanced"", ""sensitivity"": 1.0, ""stop_loss_percent"": 3.0, ""take_profit_percent"": 8.0}"
18,"reports\strategy_research_arena.json|ARENA-0045|MULTI|{""atr_period"": 10, ""filter_set"": ""Original"", ""max_bars_held"": 30, ""risk_profile"": ""Trend"", ""sensitivity"": 1.0, ""stop_loss_percent"": 4.0, ""take_profit_percent"": 10.0}",ARENA-0045,LONG,MULTI,reports\strategy_research_arena.json,52.5952,8.9092,1.7676,2.2754,0.0,60,FINALIST,"{""atr_period"": 10, ""filter_set"": ""Original"", ""max_bars_held"": 30, ""risk_profile"": ""Trend"", ""sensitivity"": 1.0, ""stop_loss_percent"": 4.0, ""take_profit_percent"": 10.0}"
19,"reports\strategy_research_arena.json|ARENA-0040|MULTI|{""atr_period"": 10, ""filter_set"": ""Original"", ""max_bars_held"": 20, ""risk_profile"": ""Balanced"", ""sensitivity"": 1.0, ""stop_loss_percent"": 3.0, ""take_profit_percent"": 8.0}",ARENA-0040,LONG,MULTI,reports\strategy_research_arena.json,52.3553,8.5316,1.2791,2.233,0.0,60,FINALIST,"{""atr_period"": 10, ""filter_set"": ""Original"", ""max_bars_held"": 20, ""risk_profile"": ""Balanced"", ""sensitivity"": 1.0, ""stop_loss_percent"": 3.0, ""take_profit_percent"": 8.0}"
20,"reports\strategy_research_arena.json|ARENA-0043|MULTI|{""atr_period"": 10, ""filter_set"": ""Original"", ""max_bars_held"": 30, ""risk_profile"": ""Balanced"", ""sensitivity"": 1.0, ""stop_loss_percent"": 3.0, ""take_profit_percent"": 8.0}",ARENA-0043,LONG,MULTI,reports\strategy_research_arena.json,52.3553,8.5316,1.2791,2.233,0.0,60,FINALIST,"{""atr_period"": 10, ""filter_set"": ""Original"", ""max_bars_held"": 30, ""risk_profile"": ""Balanced"", ""sensitivity"": 1.0, ""stop_loss_percent"": 3.0, ""take_profit_percent"": 8.0}"
21,"reports\multi_market_strategy_arena_v2.json|MM-0013|MULTI|{""atr_period"": 14, ""filter_set"": ""Original"", ""max_bars_held"": 10, ""risk_profile"": ""Balanced"", ""sensitivity"": 0.8, ""stop_loss_percent"": 3.0, ""take_profit_percent"": 8.0}",MM-0013,LONG,MULTI,reports\multi_market_strategy_arena_v2.json,36.5173,2.7514,1.7784,1.5328,88.89,42,MULTI_MARKET_FINALIST,"{""atr_period"": 14, ""filter_set"": ""Original"", ""max_bars_held"": 10, ""risk_profile"": ""Balanced"", ""sensitivity"": 0.8, ""stop_loss_percent"": 3.0, ""take_profit_percent"": 8.0}"
22,"reports\multi_market_strategy_arena_v2.json|MM-0007|MULTI|{""atr_period"": 10, ""filter_set"": ""Original"", ""max_bars_held"": 10, ""risk_profile"": ""Balanced"", ""sensitivity"": 0.8, ""stop_loss_percent"": 3.0, ""take_profit_percent"": 8.0}",MM-0007,LONG,MULTI,reports\multi_market_strategy_arena_v2.json,35.7882,2.8088,1.7045,1.4438,88.89,42,MULTI_MARKET_FINALIST,"{""atr_period"": 10, ""filter_set"": ""Original"", ""max_bars_held"": 10, ""risk_profile"": ""Balanced"", ""sensitivity"": 0.8, ""stop_loss_percent"": 3.0, ""take_profit_percent"": 8.0}"
23,"reports\multi_market_strategy_arena_v2.json|MM-0015|MULTI|{""atr_period"": 14, ""filter_set"": ""Original"", ""max_bars_held"": 20, ""risk_profile"": ""Balanced"", ""sensitivity"": 0.8, ""stop_loss_percent"": 3.0, ""take_profit_percent"": 8.0}",MM-0015,LONG,MULTI,reports\multi_market_strategy_arena_v2.json,34.8416,2.4987,1.9879,1.5316,88.89,42,MULTI_MARKET_FINALIST,"{""atr_period"": 14, ""filter_set"": ""Original"", ""max_bars_held"": 20, ""risk_profile"": ""Balanced"", ""sensitivity"": 0.8, ""stop_loss_percent"": 3.0, ""take_profit_percent"": 8.0}"
24,"reports\multi_market_strategy_arena_v2.json|MM-0017|MULTI|{""atr_period"": 14, ""filter_set"": ""Original"", ""max_bars_held"": 30, ""risk_profile"": ""Balanced"", ""sensitivity"": 0.8, ""stop_loss_percent"": 3.0, ""take_profit_percent"": 8.0}",MM-0017,LONG,MULTI,reports\multi_market_strategy_arena_v2.json,34.7659,2.4987,1.9879,1.5316,88.89,42,MULTI_MARKET_FINALIST,"{""atr_period"": 14, ""filter_set"": ""Original"", ""max_bars_held"": 30, ""risk_profile"": ""Balanced"", ""sensitivity"": 0.8, ""stop_loss_percent"": 3.0, ""take_profit_percent"": 8.0}"
25,"reports\multi_market_strategy_arena_v2.json|MM-0121|MULTI|{""atr_period"": 14, ""filter_set"": ""RSI"", ""max_bars_held"": 10, ""risk_profile"": ""Balanced"", ""sensitivity"": 0.8, ""stop_loss_percent"": 3.0, ""take_profit_percent"": 8.0}",MM-0121,LONG,MULTI,reports\multi_market_strategy_arena_v2.json,33.8931,1.997,1.4807,1.6423,77.78,28,MULTI_MARKET_FINALIST,"{""atr_period"": 14, ""filter_set"": ""RSI"", ""max_bars_held"": 10, ""risk_profile"": ""Balanced"", ""sensitivity"": 0.8, ""stop_loss_percent"": 3.0, ""take_profit_percent"": 8.0}"
26,"reports\multi_market_strategy_arena_v2.json|MM-0009|MULTI|{""atr_period"": 10, ""filter_set"": ""Original"", ""max_bars_held"": 20, ""risk_profile"": ""Balanced"", ""sensitivity"": 0.8, ""stop_loss_percent"": 3.0, ""take_profit_percent"": 8.0}",MM-0009,LONG,MULTI,reports\multi_market_strategy_arena_v2.json,33.5818,2.5253,2.2955,1.4597,88.89,42,MULTI_MARKET_FINALIST,"{""atr_period"": 10, ""filter_set"": ""Original"", ""max_bars_held"": 20, ""risk_profile"": ""Balanced"", ""sensitivity"": 0.8, ""stop_loss_percent"": 3.0, ""take_profit_percent"": 8.0}"
27,"reports\multi_market_strategy_arena_v2.json|MM-0011|MULTI|{""atr_period"": 10, ""filter_set"": ""Original"", ""max_bars_held"": 30, ""risk_profile"": ""Balanced"", ""sensitivity"": 0.8, ""stop_loss_percent"": 3.0, ""take_profit_percent"": 8.0}",MM-0011,LONG,MULTI,reports\multi_market_strategy_arena_v2.json,33.506,2.5253,2.2955,1.4597,88.89,42,MULTI_MARKET_FINALIST,"{""atr_period"": 10, ""filter_set"": ""Original"", ""max_bars_held"": 30, ""risk_profile"": ""Balanced"", ""sensitivity"": 0.8, ""stop_loss_percent"": 3.0, ""take_profit_percent"": 8.0}"
28,"reports\multi_market_strategy_arena_v2.json|MM-0001|MULTI|{""atr_period"": 7, ""filter_set"": ""Original"", ""max_bars_held"": 10, ""risk_profile"": ""Balanced"", ""sensitivity"": 0.8, ""stop_loss_percent"": 3.0, ""take_profit_percent"": 8.0}",MM-0001,LONG,MULTI,reports\multi_market_strategy_arena_v2.json,32.7391,2.5407,1.8614,1.5105,77.78,43,MULTI_MARKET_FINALIST,"{""atr_period"": 7, ""filter_set"": ""Original"", ""max_bars_held"": 10, ""risk_profile"": ""Balanced"", ""sensitivity"": 0.8, ""stop_loss_percent"": 3.0, ""take_profit_percent"": 8.0}"
29,"reports\multi_market_strategy_arena_v2.json|MM-0115|MULTI|{""atr_period"": 10, ""filter_set"": ""RSI"", ""max_bars_held"": 10, ""risk_profile"": ""Balanced"", ""sensitivity"": 0.8, ""stop_loss_percent"": 3.0, ""take_profit_percent"": 8.0}",MM-0115,LONG,MULTI,reports\multi_market_strategy_arena_v2.json,32.6585,2.0539,1.4523,1.5076,77.78,27,MULTI_MARKET_FINALIST,"{""atr_period"": 10, ""filter_set"": ""RSI"", ""max_bars_held"": 10, ""risk_profile"": ""Balanced"", ""sensitivity"": 0.8, ""stop_loss_percent"": 3.0, ""take_profit_percent"": 8.0}"
30,"reports\multi_market_strategy_arena_v2.json|MM-0499|MULTI|{""atr_period"": 14, ""filter_set"": ""EMA200+RSI"", ""max_bars_held"": 10, ""risk_profile"": ""Balanced"", ""sensitivity"": 0.8, ""stop_loss_percent"": 3.0, ""take_profit_percent"": 8.0}",MM-0499,LONG,MULTI,reports\multi_market_strategy_arena_v2.json,31.9175,1.6216,1.2623,1.496,77.78,26,MULTI_MARKET_FINALIST,"{""atr_period"": 14, ""filter_set"": ""EMA200+RSI"", ""max_bars_held"": 10, ""risk_profile"": ""Balanced"", ""sensitivity"": 0.8, ""stop_loss_percent"": 3.0, ""take_profit_percent"": 8.0}"
31,"reports\multi_market_strategy_arena_v2.json|MM-0003|MULTI|{""atr_period"": 7, ""filter_set"": ""Original"", ""max_bars_held"": 20, ""risk_profile"": ""Balanced"", ""sensitivity"": 0.8, ""stop_loss_percent"": 3.0, ""take_profit_percent"": 8.0}",MM-0003,LONG,MULTI,reports\multi_market_strategy_arena_v2.json,30.947,2.5672,2.1027,1.4345,77.78,43,MULTI_MARKET_FINALIST,"{""atr_period"": 7, ""filter_set"": ""Original"", ""max_bars_held"": 20, ""risk_profile"": ""Balanced"", ""sensitivity"": 0.8, ""stop_loss_percent"": 3.0, ""take_profit_percent"": 8.0}"
32,"reports\multi_market_strategy_arena_v2.json|MM-0005|MULTI|{""atr_period"": 7, ""filter_set"": ""Original"", ""max_bars_held"": 30, ""risk_profile"": ""Balanced"", ""sensitivity"": 0.8, ""stop_loss_percent"": 3.0, ""take_profit_percent"": 8.0}",MM-0005,LONG,MULTI,reports\multi_market_strategy_arena_v2.json,30.9013,2.5672,2.1027,1.4345,77.78,43,MULTI_MARKET_FINALIST,"{""atr_period"": 7, ""filter_set"": ""Original"", ""max_bars_held"": 30, ""risk_profile"": ""Balanced"", ""sensitivity"": 0.8, ""stop_loss_percent"": 3.0, ""take_profit_percent"": 8.0}"
33,"reports\multi_market_strategy_arena_v2.json|MM-0016|MULTI|{""atr_period"": 14, ""filter_set"": ""Original"", ""max_bars_held"": 20, ""risk_profile"": ""Trend"", ""sensitivity"": 0.8, ""stop_loss_percent"": 4.0, ""take_profit_percent"": 10.0}",MM-0016,LONG,MULTI,reports\multi_market_strategy_arena_v2.json,30.5408,2.7214,2.4013,1.4247,77.78,42,MULTI_MARKET_FINALIST,"{""atr_period"": 14, ""filter_set"": ""Original"", ""max_bars_held"": 20, ""risk_profile"": ""Trend"", ""sensitivity"": 0.8, ""stop_loss_percent"": 4.0, ""take_profit_percent"": 10.0}"
34,"reports\multi_market_strategy_arena_v2.json|MM-0018|MULTI|{""atr_period"": 14, ""filter_set"": ""Original"", ""max_bars_held"": 30, ""risk_profile"": ""Trend"", ""sensitivity"": 0.8, ""stop_loss_percent"": 4.0, ""take_profit_percent"": 10.0}",MM-0018,LONG,MULTI,reports\multi_market_strategy_arena_v2.json,30.497,2.7214,2.4013,1.4247,77.78,42,MULTI_MARKET_FINALIST,"{""atr_period"": 14, ""filter_set"": ""Original"", ""max_bars_held"": 30, ""risk_profile"": ""Trend"", ""sensitivity"": 0.8, ""stop_loss_percent"": 4.0, ""take_profit_percent"": 10.0}"
35,"reports\multi_market_strategy_arena_v2.json|MM-0014|MULTI|{""atr_period"": 14, ""filter_set"": ""Original"", ""max_bars_held"": 10, ""risk_profile"": ""Trend"", ""sensitivity"": 0.8, ""stop_loss_percent"": 4.0, ""take_profit_percent"": 10.0}",MM-0014,LONG,MULTI,reports\multi_market_strategy_arena_v2.json,30.361,2.3669,1.7784,1.4019,77.78,42,MULTI_MARKET_FINALIST,"{""atr_period"": 14, ""filter_set"": ""Original"", ""max_bars_held"": 10, ""risk_profile"": ""Trend"", ""sensitivity"": 0.8, ""stop_loss_percent"": 4.0, ""take_profit_percent"": 10.0}"
36,"reports\multi_market_strategy_arena_v2.json|MM-0122|MULTI|{""atr_period"": 14, ""filter_set"": ""RSI"", ""max_bars_held"": 10, ""risk_profile"": ""Trend"", ""sensitivity"": 0.8, ""stop_loss_percent"": 4.0, ""take_profit_percent"": 10.0}",MM-0122,LONG,MULTI,reports\multi_market_strategy_arena_v2.json,30.279,1.6451,1.5043,1.481,77.78,28,MULTI_MARKET_FINALIST,"{""atr_period"": 14, ""filter_set"": ""RSI"", ""max_bars_held"": 10, ""risk_profile"": ""Trend"", ""sensitivity"": 0.8, ""stop_loss_percent"": 4.0, ""take_profit_percent"": 10.0}"
37,"reports\multi_market_strategy_arena_v2.json|MM-0010|MULTI|{""atr_period"": 10, ""filter_set"": ""Original"", ""max_bars_held"": 20, ""risk_profile"": ""Trend"", ""sensitivity"": 0.8, ""stop_loss_percent"": 4.0, ""take_profit_percent"": 10.0}",MM-0010,LONG,MULTI,reports\multi_market_strategy_arena_v2.json,30.1945,2.7481,2.2955,1.4,77.78,42,MULTI_MARKET_FINALIST,"{""atr_period"": 10, ""filter_set"": ""Original"", ""max_bars_held"": 20, ""risk_profile"": ""Trend"", ""sensitivity"": 0.8, ""stop_loss_percent"": 4.0, ""take_profit_percent"": 10.0}"
38,"reports\multi_market_strategy_arena_v2.json|MM-0031|MULTI|{""atr_period"": 14, ""filter_set"": ""Original"", ""max_bars_held"": 10, ""risk_profile"": ""Balanced"", ""sensitivity"": 1.0, ""stop_loss_percent"": 3.0, ""take_profit_percent"": 8.0}",MM-0031,LONG,MULTI,reports\multi_market_strategy_arena_v2.json,30.1559,2.6161,2.1557,1.3722,77.78,35,MULTI_MARKET_FINALIST,"{""atr_period"": 14, ""filter_set"": ""Original"", ""max_bars_held"": 10, ""risk_profile"": ""Balanced"", ""sensitivity"": 1.0, ""stop_loss_percent"": 3.0, ""take_profit_percent"": 8.0}"
39,"reports\multi_market_strategy_arena_v2.json|MM-0012|MULTI|{""atr_period"": 10, ""filter_set"": ""Original"", ""max_bars_held"": 30, ""risk_profile"": ""Trend"", ""sensitivity"": 0.8, ""stop_loss_percent"": 4.0, ""take_profit_percent"": 10.0}",MM-0012,LONG,MULTI,reports\multi_market_strategy_arena_v2.json,30.1504,2.7481,2.2955,1.4,77.78,42,MULTI_MARKET_FINALIST,"{""atr_period"": 10, ""filter_set"": ""Original"", ""max_bars_held"": 30, ""risk_profile"": ""Trend"", ""sensitivity"": 0.8, ""stop_loss_percent"": 4.0, ""take_profit_percent"": 10.0}"
40,"reports\multi_market_strategy_arena_v2.json|MM-0109|MULTI|{""atr_period"": 7, ""filter_set"": ""RSI"", ""max_bars_held"": 10, ""risk_profile"": ""Balanced"", ""sensitivity"": 0.8, ""stop_loss_percent"": 3.0, ""take_profit_percent"": 8.0}",MM-0109,LONG,MULTI,reports\multi_market_strategy_arena_v2.json,29.8996,1.8891,1.4523,1.5398,66.67,28,MULTI_MARKET_FINALIST,"{""atr_period"": 7, ""filter_set"": ""RSI"", ""max_bars_held"": 10, ""risk_profile"": ""Balanced"", ""sensitivity"": 0.8, ""stop_loss_percent"": 3.0, ""take_profit_percent"": 8.0}"
41,"reports\multi_market_strategy_arena_v2.json|MM-0050|MULTI|{""atr_period"": 14, ""filter_set"": ""Original"", ""max_bars_held"": 10, ""risk_profile"": ""Trend"", ""sensitivity"": 1.2, ""stop_loss_percent"": 4.0, ""take_profit_percent"": 10.0}",MM-0050,LONG,MULTI,reports\multi_market_strategy_arena_v2.json,29.0751,1.7225,1.9631,1.3344,77.78,29,MULTI_MARKET_FINALIST,"{""atr_period"": 14, ""filter_set"": ""Original"", ""max_bars_held"": 10, ""risk_profile"": ""Trend"", ""sensitivity"": 1.2, ""stop_loss_percent"": 4.0, ""take_profit_percent"": 10.0}"
42,"reports\multi_market_strategy_arena_v2.json|MM-0008|MULTI|{""atr_period"": 10, ""filter_set"": ""Original"", ""max_bars_held"": 10, ""risk_profile"": ""Trend"", ""sensitivity"": 0.8, ""stop_loss_percent"": 4.0, ""take_profit_percent"": 10.0}",MM-0008,LONG,MULTI,reports\multi_market_strategy_arena_v2.json,28.8707,2.3548,1.8116,1.3141,77.78,44,MULTI_MARKET_FINALIST,"{""atr_period"": 10, ""filter_set"": ""Original"", ""max_bars_held"": 10, ""risk_profile"": ""Trend"", ""sensitivity"": 0.8, ""stop_loss_percent"": 4.0, ""take_profit_percent"": 10.0}"
43,"reports\multi_market_strategy_arena_v2.json|MM-0025|MULTI|{""atr_period"": 10, ""filter_set"": ""Original"", ""max_bars_held"": 10, ""risk_profile"": ""Balanced"", ""sensitivity"": 1.0, ""stop_loss_percent"": 3.0, ""take_profit_percent"": 8.0}",MM-0025,LONG,MULTI,reports\multi_market_strategy_arena_v2.json,28.5792,1.911,2.098,1.4508,77.78,35,MULTI_MARKET_FINALIST,"{""atr_period"": 10, ""filter_set"": ""Original"", ""max_bars_held"": 10, ""risk_profile"": ""Balanced"", ""sensitivity"": 1.0, ""stop_loss_percent"": 3.0, ""take_profit_percent"": 8.0}"
44,"reports\multi_market_strategy_arena_v2.json|MM-0493|MULTI|{""atr_period"": 10, ""filter_set"": ""EMA200+RSI"", ""max_bars_held"": 10, ""risk_profile"": ""Balanced"", ""sensitivity"": 0.8, ""stop_loss_percent"": 3.0, ""take_profit_percent"": 8.0}",MM-0493,LONG,MULTI,reports\multi_market_strategy_arena_v2.json,28.405,1.734,1.4523,1.4552,66.67,26,MULTI_MARKET_FINALIST,"{""atr_period"": 10, ""filter_set"": ""EMA200+RSI"", ""max_bars_held"": 10, ""risk_profile"": ""Balanced"", ""sensitivity"": 0.8, ""stop_loss_percent"": 3.0, ""take_profit_percent"": 8.0}"
45,"reports\multi_market_strategy_arena_v2.json|MM-0049|MULTI|{""atr_period"": 14, ""filter_set"": ""Original"", ""max_bars_held"": 10, ""risk_profile"": ""Balanced"", ""sensitivity"": 1.2, ""stop_loss_percent"": 3.0, ""take_profit_percent"": 8.0}",MM-0049,LONG,MULTI,reports\multi_market_strategy_arena_v2.json,28.2361,1.3019,1.809,1.3628,77.78,29,MULTI_MARKET_FINALIST,"{""atr_period"": 14, ""filter_set"": ""Original"", ""max_bars_held"": 10, ""risk_profile"": ""Balanced"", ""sensitivity"": 1.2, ""stop_loss_percent"": 3.0, ""take_profit_percent"": 8.0}"
46,"reports\multi_market_strategy_arena_v2.json|MM-0043|MULTI|{""atr_period"": 10, ""filter_set"": ""Original"", ""max_bars_held"": 10, ""risk_profile"": ""Balanced"", ""sensitivity"": 1.2, ""stop_loss_percent"": 3.0, ""take_profit_percent"": 8.0}",MM-0043,LONG,MULTI,reports\multi_market_strategy_arena_v2.json,27.9128,1.1333,1.8854,1.1895,88.89,30,MULTI_MARKET_FINALIST,"{""atr_period"": 10, ""filter_set"": ""Original"", ""max_bars_held"": 10, ""risk_profile"": ""Balanced"", ""sensitivity"": 1.2, ""stop_loss_percent"": 3.0, ""take_profit_percent"": 8.0}"
47,"reports\multi_market_strategy_arena_v2.json|MM-0285|MULTI|{""atr_period"": 14, ""filter_set"": ""RelativeVolume"", ""max_bars_held"": 20, ""risk_profile"": ""Balanced"", ""sensitivity"": 0.8, ""stop_loss_percent"": 3.0, ""take_profit_percent"": 8.0}",MM-0285,LONG,MULTI,reports\multi_market_strategy_arena_v2.json,27.8618,2.9988,1.5496,1.8586,44.44,21,MULTI_MARKET_FINALIST,"{""atr_period"": 14, ""filter_set"": ""RelativeVolume"", ""max_bars_held"": 20, ""risk_profile"": ""Balanced"", ""sensitivity"": 0.8, ""stop_loss_percent"": 3.0, ""take_profit_percent"": 8.0}"
48,"reports\multi_market_strategy_arena_v2.json|MM-0287|MULTI|{""atr_period"": 14, ""filter_set"": ""RelativeVolume"", ""max_bars_held"": 30, ""risk_profile"": ""Balanced"", ""sensitivity"": 0.8, ""stop_loss_percent"": 3.0, ""take_profit_percent"": 8.0}",MM-0287,LONG,MULTI,reports\multi_market_strategy_arena_v2.json,27.8321,2.9988,1.5496,1.8586,44.44,21,MULTI_MARKET_FINALIST,"{""atr_period"": 14, ""filter_set"": ""RelativeVolume"", ""max_bars_held"": 30, ""risk_profile"": ""Balanced"", ""sensitivity"": 0.8, ""stop_loss_percent"": 3.0, ""take_profit_percent"": 8.0}"
49,"reports\multi_market_strategy_arena_v2.json|MM-0044|MULTI|{""atr_period"": 10, ""filter_set"": ""Original"", ""max_bars_held"": 10, ""risk_profile"": ""Trend"", ""sensitivity"": 1.2, ""stop_loss_percent"": 4.0, ""take_profit_percent"": 10.0}",MM-0044,LONG,MULTI,reports\multi_market_strategy_arena_v2.json,26.7562,1.0199,2.0003,1.2777,77.78,30,MULTI_MARKET_FINALIST,"{""atr_period"": 10, ""filter_set"": ""Original"", ""max_bars_held"": 10, ""risk_profile"": ""Trend"", ""sensitivity"": 1.2, ""stop_loss_percent"": 4.0, ""take_profit_percent"": 10.0}"
50,"reports\multi_market_strategy_arena_v2.json|MM-0495|MULTI|{""atr_period"": 10, ""filter_set"": ""EMA200+RSI"", ""max_bars_held"": 20, ""risk_profile"": ""Balanced"", ""sensitivity"": 0.8, ""stop_loss_percent"": 3.0, ""take_profit_percent"": 8.0}",MM-0495,LONG,MULTI,reports\multi_market_strategy_arena_v2.json,26.0525,1.1278,1.4523,1.5767,66.67,25,MULTI_MARKET_FINALIST,"{""atr_period"": 10, ""filter_set"": ""EMA200+RSI"", ""max_bars_held"": 20, ""risk_profile"": ""Balanced"", ""sensitivity"": 0.8, ""stop_loss_percent"": 3.0, ""take_profit_percent"": 8.0}"
51,"reports\multi_market_strategy_arena_v2.json|MM-0123|MULTI|{""atr_period"": 14, ""filter_set"": ""RSI"", ""max_bars_held"": 20, ""risk_profile"": ""Balanced"", ""sensitivity"": 0.8, ""stop_loss_percent"": 3.0, ""take_profit_percent"": 8.0}",MM-0123,LONG,MULTI,reports\multi_market_strategy_arena_v2.json,26.0503,1.2709,1.849,1.4023,66.67,27,MULTI_MARKET_FINALIST,"{""atr_period"": 14, ""filter_set"": ""RSI"", ""max_bars_held"": 20, ""risk_profile"": ""Balanced"", ""sensitivity"": 0.8, ""stop_loss_percent"": 3.0, ""take_profit_percent"": 8.0}"
52,"reports\multi_market_strategy_arena_v2.json|MM-0067|MULTI|{""atr_period"": 14, ""filter_set"": ""EMA200"", ""max_bars_held"": 10, ""risk_profile"": ""Balanced"", ""sensitivity"": 0.8, ""stop_loss_percent"": 3.0, ""take_profit_percent"": 8.0}",MM-0067,LONG,MULTI,reports\multi_market_strategy_arena_v2.json,26.041,1.8843,1.9158,1.3866,66.67,35,MULTI_MARKET_FINALIST,"{""atr_period"": 14, ""filter_set"": ""EMA200"", ""max_bars_held"": 10, ""risk_profile"": ""Balanced"", ""sensitivity"": 0.8, ""stop_loss_percent"": 3.0, ""take_profit_percent"": 8.0}"
53,"reports\multi_market_strategy_arena_v2.json|MM-0497|MULTI|{""atr_period"": 10, ""filter_set"": ""EMA200+RSI"", ""max_bars_held"": 30, ""risk_profile"": ""Balanced"", ""sensitivity"": 0.8, ""stop_loss_percent"": 3.0, ""take_profit_percent"": 8.0}",MM-0497,LONG,MULTI,reports\multi_market_strategy_arena_v2.json,25.9783,1.1278,1.4523,1.5767,66.67,25,MULTI_MARKET_FINALIST,"{""atr_period"": 10, ""filter_set"": ""EMA200+RSI"", ""max_bars_held"": 30, ""risk_profile"": ""Balanced"", ""sensitivity"": 0.8, ""stop_loss_percent"": 3.0, ""take_profit_percent"": 8.0}"
